tool,target,url,api_status_code,target_status_code,response_ms,has_title,has_expected_content,title,content_type,success,error
browserbase,IKEA product page,https://www.ikea.com/us/en/p/kallax-shelf-unit-white-80275887/,200,200,4865,True,True,"KALLAX shelf unit, white, 301/8x575/8""  - IKEA",text/html; charset=UTF-8,True,
browserbase,IKEA product page,https://www.ikea.com/us/en/p/kallax-shelf-unit-white-80275887/,200,200,4380,True,True,"KALLAX shelf unit, white, 301/8x575/8""  - IKEA",text/html; charset=UTF-8,True,
browserbase,IKEA product page,https://www.ikea.com/us/en/p/kallax-shelf-unit-white-80275887/,200,200,2061,True,True,"KALLAX shelf unit, white, 301/8x575/8""  - IKEA",text/html; charset=UTF-8,True,
browserbase,IKEA product page,https://www.ikea.com/us/en/p/kallax-shelf-unit-white-80275887/,200,200,2356,True,True,"KALLAX shelf unit, white, 301/8x575/8""  - IKEA",text/html; charset=UTF-8,True,
browserbase,IKEA product page,https://www.ikea.com/us/en/p/kallax-shelf-unit-white-80275887/,200,200,1951,True,True,"KALLAX shelf unit, white, 301/8x575/8""  - IKEA",text/html; charset=UTF-8,True,
browserbase,IKEA product page,https://www.ikea.com/us/en/p/kallax-shelf-unit-white-80275887/,200,200,1951,True,True,"KALLAX shelf unit, white, 301/8x575/8""  - IKEA",text/html; charset=UTF-8,True,
browserbase,IKEA product page,https://www.ikea.com/us/en/p/kallax-shelf-unit-white-80275887/,200,200,1641,True,True,"KALLAX shelf unit, white, 301/8x575/8""  - IKEA",text/html; charset=UTF-8,True,
browserbase,IKEA product page,https://www.ikea.com/us/en/p/kallax-shelf-unit-white-80275887/,200,200,2233,True,True,"KALLAX shelf unit, white, 301/8x575/8""  - IKEA",text/html; charset=UTF-8,True,
browserbase,IKEA product page,https://www.ikea.com/us/en/p/kallax-shelf-unit-white-80275887/,200,200,1733,True,True,"KALLAX shelf unit, white, 301/8x575/8""  - IKEA",text/html; charset=UTF-8,True,
browserbase,IKEA product page,https://www.ikea.com/us/en/p/kallax-shelf-unit-white-80275887/,200,200,1971,True,True,"KALLAX shelf unit, white, 301/8x575/8""  - IKEA",text/html; charset=UTF-8,True,
browserbase,IKEA product page,https://www.ikea.com/us/en/p/kallax-shelf-unit-white-80275887/,200,200,1408,True,True,"KALLAX shelf unit, white, 301/8x575/8""  - IKEA",text/html; charset=UTF-8,True,
browserbase,IKEA product page,https://www.ikea.com/us/en/p/kallax-shelf-unit-white-80275887/,200,200,1478,True,True,"KALLAX shelf unit, white, 301/8x575/8""  - IKEA",text/html; charset=UTF-8,True,
browserbase,IKEA product page,https://www.ikea.com/us/en/p/kallax-shelf-unit-white-80275887/,200,200,1708,True,True,"KALLAX shelf unit, white, 301/8x575/8""  - IKEA",text/html; charset=UTF-8,True,
browserbase,IKEA product page,https://www.ikea.com/us/en/p/kallax-shelf-unit-white-80275887/,200,200,1901,True,True,"KALLAX shelf unit, white, 301/8x575/8""  - IKEA",text/html; charset=UTF-8,True,
browserbase,IKEA product page,https://www.ikea.com/us/en/p/kallax-shelf-unit-white-80275887/,200,200,1878,True,True,"KALLAX shelf unit, white, 301/8x575/8""  - IKEA",text/html; charset=UTF-8,True,
browserbase,IKEA product page,https://www.ikea.com/us/en/p/kallax-shelf-unit-white-80275887/,200,200,1786,True,True,"KALLAX shelf unit, white, 301/8x575/8""  - IKEA",text/html; charset=UTF-8,True,
browserbase,IKEA product page,https://www.ikea.com/us/en/p/kallax-shelf-unit-white-80275887/,200,200,1700,True,True,"KALLAX shelf unit, white, 301/8x575/8""  - IKEA",text/html; charset=UTF-8,True,
browserbase,IKEA product page,https://www.ikea.com/us/en/p/kallax-shelf-unit-white-80275887/,200,200,2078,True,True,"KALLAX shelf unit, white, 301/8x575/8""  - IKEA",text/html; charset=UTF-8,True,
browserbase,IKEA product page,https://www.ikea.com/us/en/p/kallax-shelf-unit-white-80275887/,200,200,2229,True,True,"KALLAX shelf unit, white, 301/8x575/8""  - IKEA",text/html; charset=UTF-8,True,
browserbase,IKEA product page,https://www.ikea.com/us/en/p/kallax-shelf-unit-white-80275887/,200,200,2163,True,True,"KALLAX shelf unit, white, 301/8x575/8""  - IKEA",text/html; charset=UTF-8,True,
browserbase,IKEA product page,https://www.ikea.com/us/en/p/kallax-shelf-unit-white-80275887/,200,200,2116,True,True,"KALLAX shelf unit, white, 301/8x575/8""  - IKEA",text/html; charset=UTF-8,True,
browserbase,IKEA product page,https://www.ikea.com/us/en/p/kallax-shelf-unit-white-80275887/,200,200,1728,True,True,"KALLAX shelf unit, white, 301/8x575/8""  - IKEA",text/html; charset=UTF-8,True,
browserbase,IKEA product page,https://www.ikea.com/us/en/p/kallax-shelf-unit-white-80275887/,200,200,1573,True,True,"KALLAX shelf unit, white, 301/8x575/8""  - IKEA",text/html; charset=UTF-8,True,
browserbase,IKEA product page,https://www.ikea.com/us/en/p/kallax-shelf-unit-white-80275887/,200,200,1760,True,True,"KALLAX shelf unit, white, 301/8x575/8""  - IKEA",text/html; charset=UTF-8,True,
browserbase,IKEA product page,https://www.ikea.com/us/en/p/kallax-shelf-unit-white-80275887/,200,200,1756,True,True,"KALLAX shelf unit, white, 301/8x575/8""  - IKEA",text/html; charset=UTF-8,True,
browserbase,IKEA product page,https://www.ikea.com/us/en/p/kallax-shelf-unit-white-80275887/,200,200,2073,True,True,"KALLAX shelf unit, white, 301/8x575/8""  - IKEA",text/html; charset=UTF-8,True,
browserbase,IKEA product page,https://www.ikea.com/us/en/p/kallax-shelf-unit-white-80275887/,200,200,2065,True,True,"KALLAX shelf unit, white, 301/8x575/8""  - IKEA",text/html; charset=UTF-8,True,
browserbase,IKEA product page,https://www.ikea.com/us/en/p/kallax-shelf-unit-white-80275887/,200,200,1973,True,True,"KALLAX shelf unit, white, 301/8x575/8""  - IKEA",text/html; charset=UTF-8,True,
browserbase,IKEA product page,https://www.ikea.com/us/en/p/kallax-shelf-unit-white-80275887/,200,200,1741,True,True,"KALLAX shelf unit, white, 301/8x575/8""  - IKEA",text/html; charset=UTF-8,True,
browserbase,IKEA product page,https://www.ikea.com/us/en/p/kallax-shelf-unit-white-80275887/,200,200,1493,True,True,"KALLAX shelf unit, white, 301/8x575/8""  - IKEA",text/html; charset=UTF-8,True,
browserbase,IKEA product page,https://www.ikea.com/us/en/p/kallax-shelf-unit-white-80275887/,200,200,1778,True,True,"KALLAX shelf unit, white, 301/8x575/8""  - IKEA",text/html; charset=UTF-8,True,
browserbase,IKEA product page,https://www.ikea.com/us/en/p/kallax-shelf-unit-white-80275887/,200,200,1588,True,True,"KALLAX shelf unit, white, 301/8x575/8""  - IKEA",text/html; charset=UTF-8,True,
browserbase,IKEA product page,https://www.ikea.com/us/en/p/kallax-shelf-unit-white-80275887/,200,200,1780,True,True,"KALLAX shelf unit, white, 301/8x575/8""  - IKEA",text/html; charset=UTF-8,True,
browserbase,IKEA product page,https://www.ikea.com/us/en/p/kallax-shelf-unit-white-80275887/,200,200,1567,True,True,"KALLAX shelf unit, white, 301/8x575/8""  - IKEA",text/html; charset=UTF-8,True,
browserbase,IKEA product page,https://www.ikea.com/us/en/p/kallax-shelf-unit-white-80275887/,200,200,1519,True,True,"KALLAX shelf unit, white, 301/8x575/8""  - IKEA",text/html; charset=UTF-8,True,
browserbase,IKEA product page,https://www.ikea.com/us/en/p/kallax-shelf-unit-white-80275887/,200,200,1633,True,True,"KALLAX shelf unit, white, 301/8x575/8""  - IKEA",text/html; charset=UTF-8,True,
browserbase,IKEA product page,https://www.ikea.com/us/en/p/kallax-shelf-unit-white-80275887/,200,200,1650,True,True,"KALLAX shelf unit, white, 301/8x575/8""  - IKEA",text/html; charset=UTF-8,True,
browserbase,IKEA product page,https://www.ikea.com/us/en/p/kallax-shelf-unit-white-80275887/,200,200,1382,True,True,"KALLAX shelf unit, white, 301/8x575/8""  - IKEA",text/html; charset=UTF-8,True,
browserbase,IKEA product page,https://www.ikea.com/us/en/p/kallax-shelf-unit-white-80275887/,200,200,1922,True,True,"KALLAX shelf unit, white, 301/8x575/8""  - IKEA",text/html; charset=UTF-8,True,
browserbase,IKEA product page,https://www.ikea.com/us/en/p/kallax-shelf-unit-white-80275887/,200,200,1396,True,True,"KALLAX shelf unit, white, 301/8x575/8""  - IKEA",text/html; charset=UTF-8,True,
browserbase,IKEA product page,https://www.ikea.com/us/en/p/kallax-shelf-unit-white-80275887/,200,200,1274,True,True,"KALLAX shelf unit, white, 301/8x575/8""  - IKEA",text/html; charset=UTF-8,True,
browserbase,IKEA product page,https://www.ikea.com/us/en/p/kallax-shelf-unit-white-80275887/,200,200,1368,True,True,"KALLAX shelf unit, white, 301/8x575/8""  - IKEA",text/html; charset=UTF-8,True,
browserbase,IKEA product page,https://www.ikea.com/us/en/p/kallax-shelf-unit-white-80275887/,200,200,1434,True,True,"KALLAX shelf unit, white, 301/8x575/8""  - IKEA",text/html; charset=UTF-8,True,
browserbase,IKEA product page,https://www.ikea.com/us/en/p/kallax-shelf-unit-white-80275887/,200,200,1417,True,True,"KALLAX shelf unit, white, 301/8x575/8""  - IKEA",text/html; charset=UTF-8,True,
browserbase,IKEA product page,https://www.ikea.com/us/en/p/kallax-shelf-unit-white-80275887/,200,200,1404,True,True,"KALLAX shelf unit, white, 301/8x575/8""  - IKEA",text/html; charset=UTF-8,True,
browserbase,IKEA product page,https://www.ikea.com/us/en/p/kallax-shelf-unit-white-80275887/,200,200,1311,True,True,"KALLAX shelf unit, white, 301/8x575/8""  - IKEA",text/html; charset=UTF-8,True,
browserbase,IKEA product page,https://www.ikea.com/us/en/p/kallax-shelf-unit-white-80275887/,200,200,1369,True,True,"KALLAX shelf unit, white, 301/8x575/8""  - IKEA",text/html; charset=UTF-8,True,
browserbase,IKEA product page,https://www.ikea.com/us/en/p/kallax-shelf-unit-white-80275887/,200,200,1312,True,True,"KALLAX shelf unit, white, 301/8x575/8""  - IKEA",text/html; charset=UTF-8,True,
browserbase,IKEA product page,https://www.ikea.com/us/en/p/kallax-shelf-unit-white-80275887/,200,200,5143,True,True,"KALLAX shelf unit, white, 301/8x575/8""  - IKEA",text/html; charset=UTF-8,True,
browserbase,IKEA product page,https://www.ikea.com/us/en/p/kallax-shelf-unit-white-80275887/,200,200,1261,True,True,"KALLAX shelf unit, white, 301/8x575/8""  - IKEA",text/html; charset=UTF-8,True,
browserbase,IKEA product page,https://www.ikea.com/us/en/p/kallax-shelf-unit-white-80275887/,200,200,1376,True,True,"KALLAX shelf unit, white, 301/8x575/8""  - IKEA",text/html; charset=UTF-8,True,
browserbase,IKEA product page,https://www.ikea.com/us/en/p/kallax-shelf-unit-white-80275887/,200,200,1229,True,True,"KALLAX shelf unit, white, 301/8x575/8""  - IKEA",text/html; charset=UTF-8,True,
browserbase,IKEA product page,https://www.ikea.com/us/en/p/kallax-shelf-unit-white-80275887/,200,200,1487,True,True,"KALLAX shelf unit, white, 301/8x575/8""  - IKEA",text/html; charset=UTF-8,True,
browserbase,IKEA product page,https://www.ikea.com/us/en/p/kallax-shelf-unit-white-80275887/,200,200,2093,True,True,"KALLAX shelf unit, white, 301/8x575/8""  - IKEA",text/html; charset=UTF-8,True,
browserbase,IKEA product page,https://www.ikea.com/us/en/p/kallax-shelf-unit-white-80275887/,200,200,1756,True,True,"KALLAX shelf unit, white, 301/8x575/8""  - IKEA",text/html; charset=UTF-8,True,
browserbase,IKEA product page,https://www.ikea.com/us/en/p/kallax-shelf-unit-white-80275887/,200,200,1721,True,True,"KALLAX shelf unit, white, 301/8x575/8""  - IKEA",text/html; charset=UTF-8,True,
browserbase,IKEA product page,https://www.ikea.com/us/en/p/kallax-shelf-unit-white-80275887/,200,200,1582,True,True,"KALLAX shelf unit, white, 301/8x575/8""  - IKEA",text/html; charset=UTF-8,True,
browserbase,IKEA product page,https://www.ikea.com/us/en/p/kallax-shelf-unit-white-80275887/,200,200,1280,True,True,"KALLAX shelf unit, white, 301/8x575/8""  - IKEA",text/html; charset=UTF-8,True,
browserbase,IKEA product page,https://www.ikea.com/us/en/p/kallax-shelf-unit-white-80275887/,200,200,1118,True,True,"KALLAX shelf unit, white, 301/8x575/8""  - IKEA",text/html; charset=UTF-8,True,
browserbase,IKEA product page,https://www.ikea.com/us/en/p/kallax-shelf-unit-white-80275887/,200,200,1393,True,True,"KALLAX shelf unit, white, 301/8x575/8""  - IKEA",text/html; charset=UTF-8,True,
browserbase,IKEA product page,https://www.ikea.com/us/en/p/kallax-shelf-unit-white-80275887/,200,200,1273,True,True,"KALLAX shelf unit, white, 301/8x575/8""  - IKEA",text/html; charset=UTF-8,True,
browserbase,IKEA product page,https://www.ikea.com/us/en/p/kallax-shelf-unit-white-80275887/,200,200,1572,True,True,"KALLAX shelf unit, white, 301/8x575/8""  - IKEA",text/html; charset=UTF-8,True,
browserbase,IKEA product page,https://www.ikea.com/us/en/p/kallax-shelf-unit-white-80275887/,200,200,1516,True,True,"KALLAX shelf unit, white, 301/8x575/8""  - IKEA",text/html; charset=UTF-8,True,
browserbase,IKEA product page,https://www.ikea.com/us/en/p/kallax-shelf-unit-white-80275887/,200,200,1655,True,True,"KALLAX shelf unit, white, 301/8x575/8""  - IKEA",text/html; charset=UTF-8,True,
browserbase,IKEA product page,https://www.ikea.com/us/en/p/kallax-shelf-unit-white-80275887/,200,200,1362,True,True,"KALLAX shelf unit, white, 301/8x575/8""  - IKEA",text/html; charset=UTF-8,True,
browserbase,IKEA product page,https://www.ikea.com/us/en/p/kallax-shelf-unit-white-80275887/,200,200,1422,True,True,"KALLAX shelf unit, white, 301/8x575/8""  - IKEA",text/html; charset=UTF-8,True,
browserbase,IKEA product page,https://www.ikea.com/us/en/p/kallax-shelf-unit-white-80275887/,200,200,1514,True,True,"KALLAX shelf unit, white, 301/8x575/8""  - IKEA",text/html; charset=UTF-8,True,
browserbase,IKEA product page,https://www.ikea.com/us/en/p/kallax-shelf-unit-white-80275887/,200,200,1254,True,True,"KALLAX shelf unit, white, 301/8x575/8""  - IKEA",text/html; charset=UTF-8,True,
browserbase,IKEA product page,https://www.ikea.com/us/en/p/kallax-shelf-unit-white-80275887/,200,200,1298,True,True,"KALLAX shelf unit, white, 301/8x575/8""  - IKEA",text/html; charset=UTF-8,True,
browserbase,IKEA product page,https://www.ikea.com/us/en/p/kallax-shelf-unit-white-80275887/,200,200,1460,True,True,"KALLAX shelf unit, white, 301/8x575/8""  - IKEA",text/html; charset=UTF-8,True,
browserbase,IKEA product page,https://www.ikea.com/us/en/p/kallax-shelf-unit-white-80275887/,200,200,1332,True,True,"KALLAX shelf unit, white, 301/8x575/8""  - IKEA",text/html; charset=UTF-8,True,
browserbase,IKEA product page,https://www.ikea.com/us/en/p/kallax-shelf-unit-white-80275887/,200,200,1404,True,True,"KALLAX shelf unit, white, 301/8x575/8""  - IKEA",text/html; charset=UTF-8,True,
browserbase,IKEA product page,https://www.ikea.com/us/en/p/kallax-shelf-unit-white-80275887/,200,200,1391,True,True,"KALLAX shelf unit, white, 301/8x575/8""  - IKEA",text/html; charset=UTF-8,True,
browserbase,IKEA product page,https://www.ikea.com/us/en/p/kallax-shelf-unit-white-80275887/,200,200,1447,True,True,"KALLAX shelf unit, white, 301/8x575/8""  - IKEA",text/html; charset=UTF-8,True,
browserbase,IKEA product page,https://www.ikea.com/us/en/p/kallax-shelf-unit-white-80275887/,200,200,1456,True,True,"KALLAX shelf unit, white, 301/8x575/8""  - IKEA",text/html; charset=UTF-8,True,
browserbase,IKEA product page,https://www.ikea.com/us/en/p/kallax-shelf-unit-white-80275887/,200,200,1428,True,True,"KALLAX shelf unit, white, 301/8x575/8""  - IKEA",text/html; charset=UTF-8,True,
browserbase,IKEA product page,https://www.ikea.com/us/en/p/kallax-shelf-unit-white-80275887/,200,200,1736,True,True,"KALLAX shelf unit, white, 301/8x575/8""  - IKEA",text/html; charset=UTF-8,True,
browserbase,IKEA product page,https://www.ikea.com/us/en/p/kallax-shelf-unit-white-80275887/,200,200,1563,True,True,"KALLAX shelf unit, white, 301/8x575/8""  - IKEA",text/html; charset=UTF-8,True,
browserbase,IKEA product page,https://www.ikea.com/us/en/p/kallax-shelf-unit-white-80275887/,200,200,1581,True,True,"KALLAX shelf unit, white, 301/8x575/8""  - IKEA",text/html; charset=UTF-8,True,
browserbase,IKEA product page,https://www.ikea.com/us/en/p/kallax-shelf-unit-white-80275887/,200,200,2317,True,True,"KALLAX shelf unit, white, 301/8x575/8""  - IKEA",text/html; charset=UTF-8,True,
browserbase,IKEA product page,https://www.ikea.com/us/en/p/kallax-shelf-unit-white-80275887/,200,200,3208,True,True,"KALLAX shelf unit, white, 301/8x575/8""  - IKEA",text/html; charset=UTF-8,True,
browserbase,IKEA product page,https://www.ikea.com/us/en/p/kallax-shelf-unit-white-80275887/,200,200,2957,True,True,"KALLAX shelf unit, white, 301/8x575/8""  - IKEA",text/html; charset=UTF-8,True,
browserbase,IKEA product page,https://www.ikea.com/us/en/p/kallax-shelf-unit-white-80275887/,200,200,2099,True,True,"KALLAX shelf unit, white, 301/8x575/8""  - IKEA",text/html; charset=UTF-8,True,
browserbase,IKEA product page,https://www.ikea.com/us/en/p/kallax-shelf-unit-white-80275887/,200,200,1557,True,True,"KALLAX shelf unit, white, 301/8x575/8""  - IKEA",text/html; charset=UTF-8,True,
browserbase,IKEA product page,https://www.ikea.com/us/en/p/kallax-shelf-unit-white-80275887/,200,200,1519,True,True,"KALLAX shelf unit, white, 301/8x575/8""  - IKEA",text/html; charset=UTF-8,True,
browserbase,IKEA product page,https://www.ikea.com/us/en/p/kallax-shelf-unit-white-80275887/,200,200,1855,True,True,"KALLAX shelf unit, white, 301/8x575/8""  - IKEA",text/html; charset=UTF-8,True,
browserbase,IKEA product page,https://www.ikea.com/us/en/p/kallax-shelf-unit-white-80275887/,200,200,1553,True,True,"KALLAX shelf unit, white, 301/8x575/8""  - IKEA",text/html; charset=UTF-8,True,
browserbase,IKEA product page,https://www.ikea.com/us/en/p/kallax-shelf-unit-white-80275887/,200,200,1101,True,True,"KALLAX shelf unit, white, 301/8x575/8""  - IKEA",text/html; charset=UTF-8,True,
browserbase,IKEA product page,https://www.ikea.com/us/en/p/kallax-shelf-unit-white-80275887/,200,200,1218,True,True,"KALLAX shelf unit, white, 301/8x575/8""  - IKEA",text/html; charset=UTF-8,True,
browserbase,IKEA product page,https://www.ikea.com/us/en/p/kallax-shelf-unit-white-80275887/,200,200,2130,True,True,"KALLAX shelf unit, white, 301/8x575/8""  - IKEA",text/html; charset=UTF-8,True,
browserbase,IKEA product page,https://www.ikea.com/us/en/p/kallax-shelf-unit-white-80275887/,200,200,1818,True,True,"KALLAX shelf unit, white, 301/8x575/8""  - IKEA",text/html; charset=UTF-8,True,
browserbase,IKEA product page,https://www.ikea.com/us/en/p/kallax-shelf-unit-white-80275887/,200,200,1684,True,True,"KALLAX shelf unit, white, 301/8x575/8""  - IKEA",text/html; charset=UTF-8,True,
browserbase,IKEA product page,https://www.ikea.com/us/en/p/kallax-shelf-unit-white-80275887/,200,200,1465,True,True,"KALLAX shelf unit, white, 301/8x575/8""  - IKEA",text/html; charset=UTF-8,True,
browserbase,IKEA product page,https://www.ikea.com/us/en/p/kallax-shelf-unit-white-80275887/,200,200,1378,True,True,"KALLAX shelf unit, white, 301/8x575/8""  - IKEA",text/html; charset=UTF-8,True,
browserbase,IKEA product page,https://www.ikea.com/us/en/p/kallax-shelf-unit-white-80275887/,200,200,1308,True,True,"KALLAX shelf unit, white, 301/8x575/8""  - IKEA",text/html; charset=UTF-8,True,
browserbase,IKEA product page,https://www.ikea.com/us/en/p/kallax-shelf-unit-white-80275887/,200,200,1460,True,True,"KALLAX shelf unit, white, 301/8x575/8""  - IKEA",text/html; charset=UTF-8,True,
browserbase,IKEA product page,https://www.ikea.com/us/en/p/kallax-shelf-unit-white-80275887/,200,200,1618,True,True,"KALLAX shelf unit, white, 301/8x575/8""  - IKEA",text/html; charset=UTF-8,True,
browserbase,IKEA product page,https://www.ikea.com/us/en/p/kallax-shelf-unit-white-80275887/,200,200,1383,True,True,"KALLAX shelf unit, white, 301/8x575/8""  - IKEA",text/html; charset=UTF-8,True,
browserbase,IKEA product page,https://www.ikea.com/us/en/p/kallax-shelf-unit-white-80275887/,200,200,1609,True,True,"KALLAX shelf unit, white, 301/8x575/8""  - IKEA",text/html; charset=UTF-8,True,
browserbase,IKEA product page,https://www.ikea.com/us/en/p/kallax-shelf-unit-white-80275887/,200,200,1624,True,True,"KALLAX shelf unit, white, 301/8x575/8""  - IKEA",text/html; charset=UTF-8,True,
browserbase,TripAdvisor Paris restaurant listings,https://www.tripadvisor.com/Restaurants-g187147-Paris_Ile_de_France.html,200,403,737,True,False,tripadvisor.com,text/html;charset=utf-8,False,
browserbase,TripAdvisor Paris restaurant listings,https://www.tripadvisor.com/Restaurants-g187147-Paris_Ile_de_France.html,200,403,735,True,False,tripadvisor.com,text/html;charset=utf-8,False,
browserbase,TripAdvisor Paris restaurant listings,https://www.tripadvisor.com/Restaurants-g187147-Paris_Ile_de_France.html,200,403,613,True,False,tripadvisor.com,text/html;charset=utf-8,False,
browserbase,TripAdvisor Paris restaurant listings,https://www.tripadvisor.com/Restaurants-g187147-Paris_Ile_de_France.html,200,403,580,True,False,tripadvisor.com,text/html;charset=utf-8,False,
browserbase,TripAdvisor Paris restaurant listings,https://www.tripadvisor.com/Restaurants-g187147-Paris_Ile_de_France.html,200,403,561,True,False,tripadvisor.com,text/html;charset=utf-8,False,
browserbase,TripAdvisor Paris restaurant listings,https://www.tripadvisor.com/Restaurants-g187147-Paris_Ile_de_France.html,200,403,587,True,False,tripadvisor.com,text/html;charset=utf-8,False,
browserbase,TripAdvisor Paris restaurant listings,https://www.tripadvisor.com/Restaurants-g187147-Paris_Ile_de_France.html,200,403,566,True,False,tripadvisor.com,text/html;charset=utf-8,False,
browserbase,TripAdvisor Paris restaurant listings,https://www.tripadvisor.com/Restaurants-g187147-Paris_Ile_de_France.html,200,403,588,True,False,tripadvisor.com,text/html;charset=utf-8,False,
browserbase,TripAdvisor Paris restaurant listings,https://www.tripadvisor.com/Restaurants-g187147-Paris_Ile_de_France.html,200,403,582,True,False,tripadvisor.com,text/html;charset=utf-8,False,
browserbase,TripAdvisor Paris restaurant listings,https://www.tripadvisor.com/Restaurants-g187147-Paris_Ile_de_France.html,200,403,574,True,False,tripadvisor.com,text/html;charset=utf-8,False,
browserbase,TripAdvisor Paris restaurant listings,https://www.tripadvisor.com/Restaurants-g187147-Paris_Ile_de_France.html,200,403,581,True,False,tripadvisor.com,text/html;charset=utf-8,False,
browserbase,TripAdvisor Paris restaurant listings,https://www.tripadvisor.com/Restaurants-g187147-Paris_Ile_de_France.html,200,403,726,True,False,tripadvisor.com,text/html;charset=utf-8,False,
browserbase,TripAdvisor Paris restaurant listings,https://www.tripadvisor.com/Restaurants-g187147-Paris_Ile_de_France.html,200,403,562,True,False,tripadvisor.com,text/html;charset=utf-8,False,
browserbase,TripAdvisor Paris restaurant listings,https://www.tripadvisor.com/Restaurants-g187147-Paris_Ile_de_France.html,200,403,901,True,False,tripadvisor.com,text/html;charset=utf-8,False,
browserbase,TripAdvisor Paris restaurant listings,https://www.tripadvisor.com/Restaurants-g187147-Paris_Ile_de_France.html,200,403,592,True,False,tripadvisor.com,text/html;charset=utf-8,False,
browserbase,TripAdvisor Paris restaurant listings,https://www.tripadvisor.com/Restaurants-g187147-Paris_Ile_de_France.html,200,403,701,True,False,tripadvisor.com,text/html;charset=utf-8,False,
browserbase,TripAdvisor Paris restaurant listings,https://www.tripadvisor.com/Restaurants-g187147-Paris_Ile_de_France.html,200,403,578,True,False,tripadvisor.com,text/html;charset=utf-8,False,
browserbase,TripAdvisor Paris restaurant listings,https://www.tripadvisor.com/Restaurants-g187147-Paris_Ile_de_France.html,200,403,609,True,False,tripadvisor.com,text/html;charset=utf-8,False,
browserbase,TripAdvisor Paris restaurant listings,https://www.tripadvisor.com/Restaurants-g187147-Paris_Ile_de_France.html,200,403,675,True,False,tripadvisor.com,text/html;charset=utf-8,False,
browserbase,TripAdvisor Paris restaurant listings,https://www.tripadvisor.com/Restaurants-g187147-Paris_Ile_de_France.html,200,403,632,True,False,tripadvisor.com,text/html;charset=utf-8,False,
browserbase,TripAdvisor Paris restaurant listings,https://www.tripadvisor.com/Restaurants-g187147-Paris_Ile_de_France.html,200,403,571,True,False,tripadvisor.com,text/html;charset=utf-8,False,
browserbase,TripAdvisor Paris restaurant listings,https://www.tripadvisor.com/Restaurants-g187147-Paris_Ile_de_France.html,200,403,575,True,False,tripadvisor.com,text/html;charset=utf-8,False,
browserbase,TripAdvisor Paris restaurant listings,https://www.tripadvisor.com/Restaurants-g187147-Paris_Ile_de_France.html,200,403,747,True,False,tripadvisor.com,text/html;charset=utf-8,False,
browserbase,TripAdvisor Paris restaurant listings,https://www.tripadvisor.com/Restaurants-g187147-Paris_Ile_de_France.html,200,403,561,True,False,tripadvisor.com,text/html;charset=utf-8,False,
browserbase,TripAdvisor Paris restaurant listings,https://www.tripadvisor.com/Restaurants-g187147-Paris_Ile_de_France.html,200,403,679,True,False,tripadvisor.com,text/html;charset=utf-8,False,
browserbase,TripAdvisor Paris restaurant listings,https://www.tripadvisor.com/Restaurants-g187147-Paris_Ile_de_France.html,200,403,599,True,False,tripadvisor.com,text/html;charset=utf-8,False,
browserbase,TripAdvisor Paris restaurant listings,https://www.tripadvisor.com/Restaurants-g187147-Paris_Ile_de_France.html,200,403,596,True,False,tripadvisor.com,text/html;charset=utf-8,False,
browserbase,TripAdvisor Paris restaurant listings,https://www.tripadvisor.com/Restaurants-g187147-Paris_Ile_de_France.html,200,403,553,True,False,tripadvisor.com,text/html;charset=utf-8,False,
browserbase,TripAdvisor Paris restaurant listings,https://www.tripadvisor.com/Restaurants-g187147-Paris_Ile_de_France.html,200,403,549,True,False,tripadvisor.com,text/html;charset=utf-8,False,
browserbase,TripAdvisor Paris restaurant listings,https://www.tripadvisor.com/Restaurants-g187147-Paris_Ile_de_France.html,200,403,555,True,False,tripadvisor.com,text/html;charset=utf-8,False,
browserbase,TripAdvisor Paris restaurant listings,https://www.tripadvisor.com/Restaurants-g187147-Paris_Ile_de_France.html,200,403,589,True,False,tripadvisor.com,text/html;charset=utf-8,False,
browserbase,TripAdvisor Paris restaurant listings,https://www.tripadvisor.com/Restaurants-g187147-Paris_Ile_de_France.html,200,403,580,True,False,tripadvisor.com,text/html;charset=utf-8,False,
browserbase,TripAdvisor Paris restaurant listings,https://www.tripadvisor.com/Restaurants-g187147-Paris_Ile_de_France.html,200,403,568,True,False,tripadvisor.com,text/html;charset=utf-8,False,
browserbase,TripAdvisor Paris restaurant listings,https://www.tripadvisor.com/Restaurants-g187147-Paris_Ile_de_France.html,200,403,549,True,False,tripadvisor.com,text/html;charset=utf-8,False,
browserbase,TripAdvisor Paris restaurant listings,https://www.tripadvisor.com/Restaurants-g187147-Paris_Ile_de_France.html,200,403,583,True,False,tripadvisor.com,text/html;charset=utf-8,False,
browserbase,TripAdvisor Paris restaurant listings,https://www.tripadvisor.com/Restaurants-g187147-Paris_Ile_de_France.html,200,403,556,True,False,tripadvisor.com,text/html;charset=utf-8,False,
browserbase,TripAdvisor Paris restaurant listings,https://www.tripadvisor.com/Restaurants-g187147-Paris_Ile_de_France.html,200,403,728,True,False,tripadvisor.com,text/html;charset=utf-8,False,
browserbase,TripAdvisor Paris restaurant listings,https://www.tripadvisor.com/Restaurants-g187147-Paris_Ile_de_France.html,200,403,606,True,False,tripadvisor.com,text/html;charset=utf-8,False,
browserbase,TripAdvisor Paris restaurant listings,https://www.tripadvisor.com/Restaurants-g187147-Paris_Ile_de_France.html,200,403,558,True,False,tripadvisor.com,text/html;charset=utf-8,False,
browserbase,TripAdvisor Paris restaurant listings,https://www.tripadvisor.com/Restaurants-g187147-Paris_Ile_de_France.html,200,403,609,True,False,tripadvisor.com,text/html;charset=utf-8,False,
browserbase,TripAdvisor Paris restaurant listings,https://www.tripadvisor.com/Restaurants-g187147-Paris_Ile_de_France.html,200,403,611,True,False,tripadvisor.com,text/html;charset=utf-8,False,
browserbase,TripAdvisor Paris restaurant listings,https://www.tripadvisor.com/Restaurants-g187147-Paris_Ile_de_France.html,200,403,640,True,False,tripadvisor.com,text/html;charset=utf-8,False,
browserbase,TripAdvisor Paris restaurant listings,https://www.tripadvisor.com/Restaurants-g187147-Paris_Ile_de_France.html,200,403,536,True,False,tripadvisor.com,text/html;charset=utf-8,False,
browserbase,TripAdvisor Paris restaurant listings,https://www.tripadvisor.com/Restaurants-g187147-Paris_Ile_de_France.html,200,403,582,True,False,tripadvisor.com,text/html;charset=utf-8,False,
browserbase,TripAdvisor Paris restaurant listings,https://www.tripadvisor.com/Restaurants-g187147-Paris_Ile_de_France.html,200,403,713,True,False,tripadvisor.com,text/html;charset=utf-8,False,
browserbase,TripAdvisor Paris restaurant listings,https://www.tripadvisor.com/Restaurants-g187147-Paris_Ile_de_France.html,200,403,872,True,False,tripadvisor.com,text/html;charset=utf-8,False,
browserbase,TripAdvisor Paris restaurant listings,https://www.tripadvisor.com/Restaurants-g187147-Paris_Ile_de_France.html,200,403,601,True,False,tripadvisor.com,text/html;charset=utf-8,False,
browserbase,TripAdvisor Paris restaurant listings,https://www.tripadvisor.com/Restaurants-g187147-Paris_Ile_de_France.html,200,403,567,True,False,tripadvisor.com,text/html;charset=utf-8,False,
browserbase,TripAdvisor Paris restaurant listings,https://www.tripadvisor.com/Restaurants-g187147-Paris_Ile_de_France.html,200,403,541,True,False,tripadvisor.com,text/html;charset=utf-8,False,
browserbase,TripAdvisor Paris restaurant listings,https://www.tripadvisor.com/Restaurants-g187147-Paris_Ile_de_France.html,200,403,555,True,False,tripadvisor.com,text/html;charset=utf-8,False,
browserbase,TripAdvisor Paris restaurant listings,https://www.tripadvisor.com/Restaurants-g187147-Paris_Ile_de_France.html,200,403,608,True,False,tripadvisor.com,text/html;charset=utf-8,False,
browserbase,TripAdvisor Paris restaurant listings,https://www.tripadvisor.com/Restaurants-g187147-Paris_Ile_de_France.html,200,403,582,True,False,tripadvisor.com,text/html;charset=utf-8,False,
browserbase,TripAdvisor Paris restaurant listings,https://www.tripadvisor.com/Restaurants-g187147-Paris_Ile_de_France.html,200,403,572,True,False,tripadvisor.com,text/html;charset=utf-8,False,
browserbase,TripAdvisor Paris restaurant listings,https://www.tripadvisor.com/Restaurants-g187147-Paris_Ile_de_France.html,200,403,717,True,False,tripadvisor.com,text/html;charset=utf-8,False,
browserbase,TripAdvisor Paris restaurant listings,https://www.tripadvisor.com/Restaurants-g187147-Paris_Ile_de_France.html,200,403,557,True,False,tripadvisor.com,text/html;charset=utf-8,False,
browserbase,TripAdvisor Paris restaurant listings,https://www.tripadvisor.com/Restaurants-g187147-Paris_Ile_de_France.html,200,403,617,True,False,tripadvisor.com,text/html;charset=utf-8,False,
browserbase,TripAdvisor Paris restaurant listings,https://www.tripadvisor.com/Restaurants-g187147-Paris_Ile_de_France.html,200,403,582,True,False,tripadvisor.com,text/html;charset=utf-8,False,
browserbase,TripAdvisor Paris restaurant listings,https://www.tripadvisor.com/Restaurants-g187147-Paris_Ile_de_France.html,200,403,637,True,False,tripadvisor.com,text/html;charset=utf-8,False,
browserbase,TripAdvisor Paris restaurant listings,https://www.tripadvisor.com/Restaurants-g187147-Paris_Ile_de_France.html,200,403,534,True,False,tripadvisor.com,text/html;charset=utf-8,False,
browserbase,TripAdvisor Paris restaurant listings,https://www.tripadvisor.com/Restaurants-g187147-Paris_Ile_de_France.html,200,403,544,True,False,tripadvisor.com,text/html;charset=utf-8,False,
browserbase,TripAdvisor Paris restaurant listings,https://www.tripadvisor.com/Restaurants-g187147-Paris_Ile_de_France.html,200,403,571,True,False,tripadvisor.com,text/html;charset=utf-8,False,
browserbase,TripAdvisor Paris restaurant listings,https://www.tripadvisor.com/Restaurants-g187147-Paris_Ile_de_France.html,200,403,574,True,False,tripadvisor.com,text/html;charset=utf-8,False,
browserbase,TripAdvisor Paris restaurant listings,https://www.tripadvisor.com/Restaurants-g187147-Paris_Ile_de_France.html,200,403,526,True,False,tripadvisor.com,text/html;charset=utf-8,False,
browserbase,TripAdvisor Paris restaurant listings,https://www.tripadvisor.com/Restaurants-g187147-Paris_Ile_de_France.html,200,403,739,True,False,tripadvisor.com,text/html;charset=utf-8,False,
browserbase,TripAdvisor Paris restaurant listings,https://www.tripadvisor.com/Restaurants-g187147-Paris_Ile_de_France.html,200,403,549,True,False,tripadvisor.com,text/html;charset=utf-8,False,
browserbase,TripAdvisor Paris restaurant listings,https://www.tripadvisor.com/Restaurants-g187147-Paris_Ile_de_France.html,200,403,685,True,False,tripadvisor.com,text/html;charset=utf-8,False,
browserbase,TripAdvisor Paris restaurant listings,https://www.tripadvisor.com/Restaurants-g187147-Paris_Ile_de_France.html,200,403,625,True,False,tripadvisor.com,text/html;charset=utf-8,False,
browserbase,TripAdvisor Paris restaurant listings,https://www.tripadvisor.com/Restaurants-g187147-Paris_Ile_de_France.html,200,403,649,True,False,tripadvisor.com,text/html;charset=utf-8,False,
browserbase,TripAdvisor Paris restaurant listings,https://www.tripadvisor.com/Restaurants-g187147-Paris_Ile_de_France.html,200,403,580,True,False,tripadvisor.com,text/html;charset=utf-8,False,
browserbase,TripAdvisor Paris restaurant listings,https://www.tripadvisor.com/Restaurants-g187147-Paris_Ile_de_France.html,200,403,559,True,False,tripadvisor.com,text/html;charset=utf-8,False,
browserbase,TripAdvisor Paris restaurant listings,https://www.tripadvisor.com/Restaurants-g187147-Paris_Ile_de_France.html,200,403,585,True,False,tripadvisor.com,text/html;charset=utf-8,False,
browserbase,TripAdvisor Paris restaurant listings,https://www.tripadvisor.com/Restaurants-g187147-Paris_Ile_de_France.html,200,403,635,True,False,tripadvisor.com,text/html;charset=utf-8,False,
browserbase,TripAdvisor Paris restaurant listings,https://www.tripadvisor.com/Restaurants-g187147-Paris_Ile_de_France.html,200,403,558,True,False,tripadvisor.com,text/html;charset=utf-8,False,
browserbase,TripAdvisor Paris restaurant listings,https://www.tripadvisor.com/Restaurants-g187147-Paris_Ile_de_France.html,200,403,571,True,False,tripadvisor.com,text/html;charset=utf-8,False,
browserbase,TripAdvisor Paris restaurant listings,https://www.tripadvisor.com/Restaurants-g187147-Paris_Ile_de_France.html,200,403,608,True,False,tripadvisor.com,text/html;charset=utf-8,False,
browserbase,TripAdvisor Paris restaurant listings,https://www.tripadvisor.com/Restaurants-g187147-Paris_Ile_de_France.html,200,403,706,True,False,tripadvisor.com,text/html;charset=utf-8,False,
browserbase,TripAdvisor Paris restaurant listings,https://www.tripadvisor.com/Restaurants-g187147-Paris_Ile_de_France.html,200,403,616,True,False,tripadvisor.com,text/html;charset=utf-8,False,
browserbase,TripAdvisor Paris restaurant listings,https://www.tripadvisor.com/Restaurants-g187147-Paris_Ile_de_France.html,200,403,591,True,False,tripadvisor.com,text/html;charset=utf-8,False,
browserbase,TripAdvisor Paris restaurant listings,https://www.tripadvisor.com/Restaurants-g187147-Paris_Ile_de_France.html,200,403,590,True,False,tripadvisor.com,text/html;charset=utf-8,False,
browserbase,TripAdvisor Paris restaurant listings,https://www.tripadvisor.com/Restaurants-g187147-Paris_Ile_de_France.html,200,403,595,True,False,tripadvisor.com,text/html;charset=utf-8,False,
browserbase,TripAdvisor Paris restaurant listings,https://www.tripadvisor.com/Restaurants-g187147-Paris_Ile_de_France.html,200,403,594,True,False,tripadvisor.com,text/html;charset=utf-8,False,
browserbase,TripAdvisor Paris restaurant listings,https://www.tripadvisor.com/Restaurants-g187147-Paris_Ile_de_France.html,200,403,609,True,False,tripadvisor.com,text/html;charset=utf-8,False,
browserbase,TripAdvisor Paris restaurant listings,https://www.tripadvisor.com/Restaurants-g187147-Paris_Ile_de_France.html,200,403,602,True,False,tripadvisor.com,text/html;charset=utf-8,False,
browserbase,TripAdvisor Paris restaurant listings,https://www.tripadvisor.com/Restaurants-g187147-Paris_Ile_de_France.html,200,403,528,True,False,tripadvisor.com,text/html;charset=utf-8,False,
browserbase,TripAdvisor Paris restaurant listings,https://www.tripadvisor.com/Restaurants-g187147-Paris_Ile_de_France.html,200,403,543,True,False,tripadvisor.com,text/html;charset=utf-8,False,
browserbase,TripAdvisor Paris restaurant listings,https://www.tripadvisor.com/Restaurants-g187147-Paris_Ile_de_France.html,200,403,584,True,False,tripadvisor.com,text/html;charset=utf-8,False,
browserbase,TripAdvisor Paris restaurant listings,https://www.tripadvisor.com/Restaurants-g187147-Paris_Ile_de_France.html,200,403,541,True,False,tripadvisor.com,text/html;charset=utf-8,False,
browserbase,TripAdvisor Paris restaurant listings,https://www.tripadvisor.com/Restaurants-g187147-Paris_Ile_de_France.html,200,403,540,True,False,tripadvisor.com,text/html;charset=utf-8,False,
browserbase,TripAdvisor Paris restaurant listings,https://www.tripadvisor.com/Restaurants-g187147-Paris_Ile_de_France.html,200,403,534,True,False,tripadvisor.com,text/html;charset=utf-8,False,
browserbase,TripAdvisor Paris restaurant listings,https://www.tripadvisor.com/Restaurants-g187147-Paris_Ile_de_France.html,200,403,548,True,False,tripadvisor.com,text/html;charset=utf-8,False,
browserbase,TripAdvisor Paris restaurant listings,https://www.tripadvisor.com/Restaurants-g187147-Paris_Ile_de_France.html,200,403,600,True,False,tripadvisor.com,text/html;charset=utf-8,False,
browserbase,TripAdvisor Paris restaurant listings,https://www.tripadvisor.com/Restaurants-g187147-Paris_Ile_de_France.html,200,403,572,True,False,tripadvisor.com,text/html;charset=utf-8,False,
browserbase,TripAdvisor Paris restaurant listings,https://www.tripadvisor.com/Restaurants-g187147-Paris_Ile_de_France.html,200,403,580,True,False,tripadvisor.com,text/html;charset=utf-8,False,
browserbase,TripAdvisor Paris restaurant listings,https://www.tripadvisor.com/Restaurants-g187147-Paris_Ile_de_France.html,200,403,588,True,False,tripadvisor.com,text/html;charset=utf-8,False,
browserbase,TripAdvisor Paris restaurant listings,https://www.tripadvisor.com/Restaurants-g187147-Paris_Ile_de_France.html,200,403,586,True,False,tripadvisor.com,text/html;charset=utf-8,False,
browserbase,TripAdvisor Paris restaurant listings,https://www.tripadvisor.com/Restaurants-g187147-Paris_Ile_de_France.html,200,403,560,True,False,tripadvisor.com,text/html;charset=utf-8,False,
browserbase,TripAdvisor Paris restaurant listings,https://www.tripadvisor.com/Restaurants-g187147-Paris_Ile_de_France.html,200,403,630,True,False,tripadvisor.com,text/html;charset=utf-8,False,
browserbase,TripAdvisor Paris restaurant listings,https://www.tripadvisor.com/Restaurants-g187147-Paris_Ile_de_France.html,200,403,769,True,False,tripadvisor.com,text/html;charset=utf-8,False,
browserbase,TripAdvisor Paris restaurant listings,https://www.tripadvisor.com/Restaurants-g187147-Paris_Ile_de_France.html,200,403,641,True,False,tripadvisor.com,text/html;charset=utf-8,False,
browserbase,TripAdvisor Paris restaurant listings,https://www.tripadvisor.com/Restaurants-g187147-Paris_Ile_de_France.html,200,403,678,True,False,tripadvisor.com,text/html;charset=utf-8,False,
browserbase,Walmart AirPod product page,https://www.walmart.com/ip/AirPods-Pro-2nd-generation-with-MagSafe-Case-USB-C/5689919121,200,200,1386,True,True,"Apple, Wireless Earbuds, AirPods Pro 2, Active Noise Cancellation - Walmart.com",text/html; charset=utf-8,True,
browserbase,Walmart AirPod product page,https://www.walmart.com/ip/AirPods-Pro-2nd-generation-with-MagSafe-Case-USB-C/5689919121,200,200,2261,True,True,"Apple, Wireless Earbuds, AirPods Pro 2, Active Noise Cancellation - Walmart.com",text/html; charset=utf-8,True,
browserbase,Walmart AirPod product page,https://www.walmart.com/ip/AirPods-Pro-2nd-generation-with-MagSafe-Case-USB-C/5689919121,200,200,1421,True,True,"Apple, Wireless Earbuds, AirPods Pro 2, Active Noise Cancellation - Walmart.com",text/html; charset=utf-8,True,
browserbase,Walmart AirPod product page,https://www.walmart.com/ip/AirPods-Pro-2nd-generation-with-MagSafe-Case-USB-C/5689919121,200,200,1684,True,True,"Apple, Wireless Earbuds, AirPods Pro 2, Active Noise Cancellation - Walmart.com",text/html; charset=utf-8,True,
browserbase,Walmart AirPod product page,https://www.walmart.com/ip/AirPods-Pro-2nd-generation-with-MagSafe-Case-USB-C/5689919121,200,200,1762,True,True,"Apple, Wireless Earbuds, AirPods Pro 2, Active Noise Cancellation - Walmart.com",text/html; charset=utf-8,True,
browserbase,Walmart AirPod product page,https://www.walmart.com/ip/AirPods-Pro-2nd-generation-with-MagSafe-Case-USB-C/5689919121,200,200,2254,True,True,"Apple, Wireless Earbuds, AirPods Pro 2, Active Noise Cancellation - Walmart.com",text/html; charset=utf-8,True,
browserbase,Walmart AirPod product page,https://www.walmart.com/ip/AirPods-Pro-2nd-generation-with-MagSafe-Case-USB-C/5689919121,200,200,2015,True,True,"Apple, Wireless Earbuds, AirPods Pro 2, Active Noise Cancellation - Walmart.com",text/html; charset=utf-8,True,
browserbase,Walmart AirPod product page,https://www.walmart.com/ip/AirPods-Pro-2nd-generation-with-MagSafe-Case-USB-C/5689919121,200,200,1758,True,True,"Apple, Wireless Earbuds, AirPods Pro 2, Active Noise Cancellation - Walmart.com",text/html; charset=utf-8,True,
browserbase,Walmart AirPod product page,https://www.walmart.com/ip/AirPods-Pro-2nd-generation-with-MagSafe-Case-USB-C/5689919121,200,200,1545,True,True,"Apple, Wireless Earbuds, AirPods Pro 2, Active Noise Cancellation - Walmart.com",text/html; charset=utf-8,True,
browserbase,Walmart AirPod product page,https://www.walmart.com/ip/AirPods-Pro-2nd-generation-with-MagSafe-Case-USB-C/5689919121,200,200,1593,True,True,"Apple, Wireless Earbuds, AirPods Pro 2, Active Noise Cancellation - Walmart.com",text/html; charset=utf-8,True,
browserbase,Walmart AirPod product page,https://www.walmart.com/ip/AirPods-Pro-2nd-generation-with-MagSafe-Case-USB-C/5689919121,200,200,1425,True,True,"Apple, Wireless Earbuds, AirPods Pro 2, Active Noise Cancellation - Walmart.com",text/html; charset=utf-8,True,
browserbase,Walmart AirPod product page,https://www.walmart.com/ip/AirPods-Pro-2nd-generation-with-MagSafe-Case-USB-C/5689919121,200,200,2149,True,True,"Apple, Wireless Earbuds, AirPods Pro 2, Active Noise Cancellation - Walmart.com",text/html; charset=utf-8,True,
browserbase,Walmart AirPod product page,https://www.walmart.com/ip/AirPods-Pro-2nd-generation-with-MagSafe-Case-USB-C/5689919121,200,200,1282,True,True,"Apple, Wireless Earbuds, AirPods Pro 2, Active Noise Cancellation - Walmart.com",text/html; charset=utf-8,True,
browserbase,Walmart AirPod product page,https://www.walmart.com/ip/AirPods-Pro-2nd-generation-with-MagSafe-Case-USB-C/5689919121,200,200,1355,True,True,"Apple, Wireless Earbuds, AirPods Pro 2, Active Noise Cancellation - Walmart.com",text/html; charset=utf-8,True,
browserbase,Walmart AirPod product page,https://www.walmart.com/ip/AirPods-Pro-2nd-generation-with-MagSafe-Case-USB-C/5689919121,200,200,1655,True,True,"Apple, Wireless Earbuds, AirPods Pro 2, Active Noise Cancellation - Walmart.com",text/html; charset=utf-8,True,
browserbase,Walmart AirPod product page,https://www.walmart.com/ip/AirPods-Pro-2nd-generation-with-MagSafe-Case-USB-C/5689919121,200,200,1832,True,True,"Apple, Wireless Earbuds, AirPods Pro 2, Active Noise Cancellation - Walmart.com",text/html; charset=utf-8,True,
browserbase,Walmart AirPod product page,https://www.walmart.com/ip/AirPods-Pro-2nd-generation-with-MagSafe-Case-USB-C/5689919121,200,200,1230,True,True,"Apple, Wireless Earbuds, AirPods Pro 2, Active Noise Cancellation - Walmart.com",text/html; charset=utf-8,True,
browserbase,Walmart AirPod product page,https://www.walmart.com/ip/AirPods-Pro-2nd-generation-with-MagSafe-Case-USB-C/5689919121,200,200,1294,True,True,"Apple, Wireless Earbuds, AirPods Pro 2, Active Noise Cancellation - Walmart.com",text/html; charset=utf-8,True,
browserbase,Walmart AirPod product page,https://www.walmart.com/ip/AirPods-Pro-2nd-generation-with-MagSafe-Case-USB-C/5689919121,200,200,1341,True,True,"Apple, Wireless Earbuds, AirPods Pro 2, Active Noise Cancellation - Walmart.com",text/html; charset=utf-8,True,
browserbase,Walmart AirPod product page,https://www.walmart.com/ip/AirPods-Pro-2nd-generation-with-MagSafe-Case-USB-C/5689919121,200,200,2280,True,True,"Apple, Wireless Earbuds, AirPods Pro 2, Active Noise Cancellation - Walmart.com",text/html; charset=utf-8,True,
browserbase,Walmart AirPod product page,https://www.walmart.com/ip/AirPods-Pro-2nd-generation-with-MagSafe-Case-USB-C/5689919121,200,200,1446,True,True,"Apple, Wireless Earbuds, AirPods Pro 2, Active Noise Cancellation - Walmart.com",text/html; charset=utf-8,True,
browserbase,Walmart AirPod product page,https://www.walmart.com/ip/AirPods-Pro-2nd-generation-with-MagSafe-Case-USB-C/5689919121,200,200,1312,True,True,"Apple, Wireless Earbuds, AirPods Pro 2, Active Noise Cancellation - Walmart.com",text/html; charset=utf-8,True,
browserbase,Walmart AirPod product page,https://www.walmart.com/ip/AirPods-Pro-2nd-generation-with-MagSafe-Case-USB-C/5689919121,200,200,1567,True,True,"Apple, Wireless Earbuds, AirPods Pro 2, Active Noise Cancellation - Walmart.com",text/html; charset=utf-8,True,
browserbase,Walmart AirPod product page,https://www.walmart.com/ip/AirPods-Pro-2nd-generation-with-MagSafe-Case-USB-C/5689919121,200,200,1491,True,True,"Apple, Wireless Earbuds, AirPods Pro 2, Active Noise Cancellation - Walmart.com",text/html; charset=utf-8,True,
browserbase,Walmart AirPod product page,https://www.walmart.com/ip/AirPods-Pro-2nd-generation-with-MagSafe-Case-USB-C/5689919121,200,200,2062,True,True,"Apple, Wireless Earbuds, AirPods Pro 2, Active Noise Cancellation - Walmart.com",text/html; charset=utf-8,True,
browserbase,Walmart AirPod product page,https://www.walmart.com/ip/AirPods-Pro-2nd-generation-with-MagSafe-Case-USB-C/5689919121,200,200,1289,True,True,"Apple, Wireless Earbuds, AirPods Pro 2, Active Noise Cancellation - Walmart.com",text/html; charset=utf-8,True,
browserbase,Walmart AirPod product page,https://www.walmart.com/ip/AirPods-Pro-2nd-generation-with-MagSafe-Case-USB-C/5689919121,200,200,2335,True,True,"Apple, Wireless Earbuds, AirPods Pro 2, Active Noise Cancellation - Walmart.com",text/html; charset=utf-8,True,
browserbase,Walmart AirPod product page,https://www.walmart.com/ip/AirPods-Pro-2nd-generation-with-MagSafe-Case-USB-C/5689919121,200,200,1682,True,True,"Apple, Wireless Earbuds, AirPods Pro 2, Active Noise Cancellation - Walmart.com",text/html; charset=utf-8,True,
browserbase,Walmart AirPod product page,https://www.walmart.com/ip/AirPods-Pro-2nd-generation-with-MagSafe-Case-USB-C/5689919121,200,200,2137,True,True,"Apple, Wireless Earbuds, AirPods Pro 2, Active Noise Cancellation - Walmart.com",text/html; charset=utf-8,True,
browserbase,Walmart AirPod product page,https://www.walmart.com/ip/AirPods-Pro-2nd-generation-with-MagSafe-Case-USB-C/5689919121,200,200,1622,True,True,"Apple, Wireless Earbuds, AirPods Pro 2, Active Noise Cancellation - Walmart.com",text/html; charset=utf-8,True,
browserbase,Walmart AirPod product page,https://www.walmart.com/ip/AirPods-Pro-2nd-generation-with-MagSafe-Case-USB-C/5689919121,200,200,2135,True,True,"Apple, Wireless Earbuds, AirPods Pro 2, Active Noise Cancellation - Walmart.com",text/html; charset=utf-8,True,
browserbase,Walmart AirPod product page,https://www.walmart.com/ip/AirPods-Pro-2nd-generation-with-MagSafe-Case-USB-C/5689919121,200,200,1247,True,True,"Apple, Wireless Earbuds, AirPods Pro 2, Active Noise Cancellation - Walmart.com",text/html; charset=utf-8,True,
browserbase,Walmart AirPod product page,https://www.walmart.com/ip/AirPods-Pro-2nd-generation-with-MagSafe-Case-USB-C/5689919121,200,200,1947,True,True,"Apple, Wireless Earbuds, AirPods Pro 2, Active Noise Cancellation - Walmart.com",text/html; charset=utf-8,True,
browserbase,Walmart AirPod product page,https://www.walmart.com/ip/AirPods-Pro-2nd-generation-with-MagSafe-Case-USB-C/5689919121,200,200,1764,True,True,"Apple, Wireless Earbuds, AirPods Pro 2, Active Noise Cancellation - Walmart.com",text/html; charset=utf-8,True,
browserbase,Walmart AirPod product page,https://www.walmart.com/ip/AirPods-Pro-2nd-generation-with-MagSafe-Case-USB-C/5689919121,200,200,1666,True,True,"Apple, Wireless Earbuds, AirPods Pro 2, Active Noise Cancellation - Walmart.com",text/html; charset=utf-8,True,
browserbase,Walmart AirPod product page,https://www.walmart.com/ip/AirPods-Pro-2nd-generation-with-MagSafe-Case-USB-C/5689919121,200,200,1490,True,True,"Apple, Wireless Earbuds, AirPods Pro 2, Active Noise Cancellation - Walmart.com",text/html; charset=utf-8,True,
browserbase,Walmart AirPod product page,https://www.walmart.com/ip/AirPods-Pro-2nd-generation-with-MagSafe-Case-USB-C/5689919121,200,200,1479,True,True,"Apple, Wireless Earbuds, AirPods Pro 2, Active Noise Cancellation - Walmart.com",text/html; charset=utf-8,True,
browserbase,Walmart AirPod product page,https://www.walmart.com/ip/AirPods-Pro-2nd-generation-with-MagSafe-Case-USB-C/5689919121,200,200,1603,True,True,"Apple, Wireless Earbuds, AirPods Pro 2, Active Noise Cancellation - Walmart.com",text/html; charset=utf-8,True,
browserbase,Walmart AirPod product page,https://www.walmart.com/ip/AirPods-Pro-2nd-generation-with-MagSafe-Case-USB-C/5689919121,200,200,1503,True,True,"Apple, Wireless Earbuds, AirPods Pro 2, Active Noise Cancellation - Walmart.com",text/html; charset=utf-8,True,
browserbase,Walmart AirPod product page,https://www.walmart.com/ip/AirPods-Pro-2nd-generation-with-MagSafe-Case-USB-C/5689919121,200,200,1397,True,True,"Apple, Wireless Earbuds, AirPods Pro 2, Active Noise Cancellation - Walmart.com",text/html; charset=utf-8,True,
browserbase,Walmart AirPod product page,https://www.walmart.com/ip/AirPods-Pro-2nd-generation-with-MagSafe-Case-USB-C/5689919121,200,200,1793,True,True,"Apple, Wireless Earbuds, AirPods Pro 2, Active Noise Cancellation - Walmart.com",text/html; charset=utf-8,True,
browserbase,Walmart AirPod product page,https://www.walmart.com/ip/AirPods-Pro-2nd-generation-with-MagSafe-Case-USB-C/5689919121,200,200,1492,True,True,"Apple, Wireless Earbuds, AirPods Pro 2, Active Noise Cancellation - Walmart.com",text/html; charset=utf-8,True,
browserbase,Walmart AirPod product page,https://www.walmart.com/ip/AirPods-Pro-2nd-generation-with-MagSafe-Case-USB-C/5689919121,200,200,1475,True,True,"Apple, Wireless Earbuds, AirPods Pro 2, Active Noise Cancellation - Walmart.com",text/html; charset=utf-8,True,
browserbase,Walmart AirPod product page,https://www.walmart.com/ip/AirPods-Pro-2nd-generation-with-MagSafe-Case-USB-C/5689919121,200,200,1402,True,True,"Apple, Wireless Earbuds, AirPods Pro 2, Active Noise Cancellation - Walmart.com",text/html; charset=utf-8,True,
browserbase,Walmart AirPod product page,https://www.walmart.com/ip/AirPods-Pro-2nd-generation-with-MagSafe-Case-USB-C/5689919121,200,200,1544,True,True,"Apple, Wireless Earbuds, AirPods Pro 2, Active Noise Cancellation - Walmart.com",text/html; charset=utf-8,True,
browserbase,Walmart AirPod product page,https://www.walmart.com/ip/AirPods-Pro-2nd-generation-with-MagSafe-Case-USB-C/5689919121,200,200,2468,True,True,"Apple, Wireless Earbuds, AirPods Pro 2, Active Noise Cancellation - Walmart.com",text/html; charset=utf-8,True,
browserbase,Walmart AirPod product page,https://www.walmart.com/ip/AirPods-Pro-2nd-generation-with-MagSafe-Case-USB-C/5689919121,200,200,1743,True,True,"Apple, Wireless Earbuds, AirPods Pro 2, Active Noise Cancellation - Walmart.com",text/html; charset=utf-8,True,
browserbase,Walmart AirPod product page,https://www.walmart.com/ip/AirPods-Pro-2nd-generation-with-MagSafe-Case-USB-C/5689919121,200,200,1411,True,True,"Apple, Wireless Earbuds, AirPods Pro 2, Active Noise Cancellation - Walmart.com",text/html; charset=utf-8,True,
browserbase,Walmart AirPod product page,https://www.walmart.com/ip/AirPods-Pro-2nd-generation-with-MagSafe-Case-USB-C/5689919121,200,200,1898,True,True,"Apple, Wireless Earbuds, AirPods Pro 2, Active Noise Cancellation - Walmart.com",text/html; charset=utf-8,True,
browserbase,Walmart AirPod product page,https://www.walmart.com/ip/AirPods-Pro-2nd-generation-with-MagSafe-Case-USB-C/5689919121,200,200,1385,True,True,"Apple, Wireless Earbuds, AirPods Pro 2, Active Noise Cancellation - Walmart.com",text/html; charset=utf-8,True,
browserbase,Walmart AirPod product page,https://www.walmart.com/ip/AirPods-Pro-2nd-generation-with-MagSafe-Case-USB-C/5689919121,200,200,1369,True,True,"Apple, Wireless Earbuds, AirPods Pro 2, Active Noise Cancellation - Walmart.com",text/html; charset=utf-8,True,
browserbase,Walmart AirPod product page,https://www.walmart.com/ip/AirPods-Pro-2nd-generation-with-MagSafe-Case-USB-C/5689919121,200,200,2495,True,True,"Apple, Wireless Earbuds, AirPods Pro 2, Active Noise Cancellation - Walmart.com",text/html; charset=utf-8,True,
browserbase,Walmart AirPod product page,https://www.walmart.com/ip/AirPods-Pro-2nd-generation-with-MagSafe-Case-USB-C/5689919121,200,200,1700,True,True,"Apple, Wireless Earbuds, AirPods Pro 2, Active Noise Cancellation - Walmart.com",text/html; charset=utf-8,True,
browserbase,Walmart AirPod product page,https://www.walmart.com/ip/AirPods-Pro-2nd-generation-with-MagSafe-Case-USB-C/5689919121,200,200,1459,True,True,"Apple, Wireless Earbuds, AirPods Pro 2, Active Noise Cancellation - Walmart.com",text/html; charset=utf-8,True,
browserbase,Walmart AirPod product page,https://www.walmart.com/ip/AirPods-Pro-2nd-generation-with-MagSafe-Case-USB-C/5689919121,200,200,1487,True,True,"Apple, Wireless Earbuds, AirPods Pro 2, Active Noise Cancellation - Walmart.com",text/html; charset=utf-8,True,
browserbase,Walmart AirPod product page,https://www.walmart.com/ip/AirPods-Pro-2nd-generation-with-MagSafe-Case-USB-C/5689919121,200,200,1383,True,True,"Apple, Wireless Earbuds, AirPods Pro 2, Active Noise Cancellation - Walmart.com",text/html; charset=utf-8,True,
browserbase,Walmart AirPod product page,https://www.walmart.com/ip/AirPods-Pro-2nd-generation-with-MagSafe-Case-USB-C/5689919121,200,200,1501,True,True,"Apple, Wireless Earbuds, AirPods Pro 2, Active Noise Cancellation - Walmart.com",text/html; charset=utf-8,True,
browserbase,Walmart AirPod product page,https://www.walmart.com/ip/AirPods-Pro-2nd-generation-with-MagSafe-Case-USB-C/5689919121,200,200,1629,True,True,"Apple, Wireless Earbuds, AirPods Pro 2, Active Noise Cancellation - Walmart.com",text/html; charset=utf-8,True,
browserbase,Walmart AirPod product page,https://www.walmart.com/ip/AirPods-Pro-2nd-generation-with-MagSafe-Case-USB-C/5689919121,200,200,1327,True,True,"Apple, Wireless Earbuds, AirPods Pro 2, Active Noise Cancellation - Walmart.com",text/html; charset=utf-8,True,
browserbase,Walmart AirPod product page,https://www.walmart.com/ip/AirPods-Pro-2nd-generation-with-MagSafe-Case-USB-C/5689919121,200,200,1478,True,True,"Apple, Wireless Earbuds, AirPods Pro 2, Active Noise Cancellation - Walmart.com",text/html; charset=utf-8,True,
browserbase,Walmart AirPod product page,https://www.walmart.com/ip/AirPods-Pro-2nd-generation-with-MagSafe-Case-USB-C/5689919121,200,200,1238,True,True,"Apple, Wireless Earbuds, AirPods Pro 2, Active Noise Cancellation - Walmart.com",text/html; charset=utf-8,True,
browserbase,Walmart AirPod product page,https://www.walmart.com/ip/AirPods-Pro-2nd-generation-with-MagSafe-Case-USB-C/5689919121,200,200,1805,True,True,"Apple, Wireless Earbuds, AirPods Pro 2, Active Noise Cancellation - Walmart.com",text/html; charset=utf-8,True,
browserbase,Walmart AirPod product page,https://www.walmart.com/ip/AirPods-Pro-2nd-generation-with-MagSafe-Case-USB-C/5689919121,200,200,1884,True,True,"Apple, Wireless Earbuds, AirPods Pro 2, Active Noise Cancellation - Walmart.com",text/html; charset=utf-8,True,
browserbase,Walmart AirPod product page,https://www.walmart.com/ip/AirPods-Pro-2nd-generation-with-MagSafe-Case-USB-C/5689919121,200,200,1471,True,True,"Apple, Wireless Earbuds, AirPods Pro 2, Active Noise Cancellation - Walmart.com",text/html; charset=utf-8,True,
browserbase,Walmart AirPod product page,https://www.walmart.com/ip/AirPods-Pro-2nd-generation-with-MagSafe-Case-USB-C/5689919121,200,200,1534,True,True,"Apple, Wireless Earbuds, AirPods Pro 2, Active Noise Cancellation - Walmart.com",text/html; charset=utf-8,True,
browserbase,Walmart AirPod product page,https://www.walmart.com/ip/AirPods-Pro-2nd-generation-with-MagSafe-Case-USB-C/5689919121,200,200,1757,True,True,"Apple, Wireless Earbuds, AirPods Pro 2, Active Noise Cancellation - Walmart.com",text/html; charset=utf-8,True,
browserbase,Walmart AirPod product page,https://www.walmart.com/ip/AirPods-Pro-2nd-generation-with-MagSafe-Case-USB-C/5689919121,200,200,2112,True,True,"Apple, Wireless Earbuds, AirPods Pro 2, Active Noise Cancellation - Walmart.com",text/html; charset=utf-8,True,
browserbase,Walmart AirPod product page,https://www.walmart.com/ip/AirPods-Pro-2nd-generation-with-MagSafe-Case-USB-C/5689919121,200,200,2117,True,True,"Apple, Wireless Earbuds, AirPods Pro 2, Active Noise Cancellation - Walmart.com",text/html; charset=utf-8,True,
browserbase,Walmart AirPod product page,https://www.walmart.com/ip/AirPods-Pro-2nd-generation-with-MagSafe-Case-USB-C/5689919121,200,200,1408,True,True,"Apple, Wireless Earbuds, AirPods Pro 2, Active Noise Cancellation - Walmart.com",text/html; charset=utf-8,True,
browserbase,Walmart AirPod product page,https://www.walmart.com/ip/AirPods-Pro-2nd-generation-with-MagSafe-Case-USB-C/5689919121,200,200,1659,True,True,"Apple, Wireless Earbuds, AirPods Pro 2, Active Noise Cancellation - Walmart.com",text/html; charset=utf-8,True,
browserbase,Walmart AirPod product page,https://www.walmart.com/ip/AirPods-Pro-2nd-generation-with-MagSafe-Case-USB-C/5689919121,200,200,2568,True,True,"Apple, Wireless Earbuds, AirPods Pro 2, Active Noise Cancellation - Walmart.com",text/html; charset=utf-8,True,
browserbase,Walmart AirPod product page,https://www.walmart.com/ip/AirPods-Pro-2nd-generation-with-MagSafe-Case-USB-C/5689919121,200,200,1622,True,True,"Apple, Wireless Earbuds, AirPods Pro 2, Active Noise Cancellation - Walmart.com",text/html; charset=utf-8,True,
browserbase,Walmart AirPod product page,https://www.walmart.com/ip/AirPods-Pro-2nd-generation-with-MagSafe-Case-USB-C/5689919121,200,200,1542,True,True,"Apple, Wireless Earbuds, AirPods Pro 2, Active Noise Cancellation - Walmart.com",text/html; charset=utf-8,True,
browserbase,Walmart AirPod product page,https://www.walmart.com/ip/AirPods-Pro-2nd-generation-with-MagSafe-Case-USB-C/5689919121,200,200,1544,True,True,"Apple, Wireless Earbuds, AirPods Pro 2, Active Noise Cancellation - Walmart.com",text/html; charset=utf-8,True,
browserbase,Walmart AirPod product page,https://www.walmart.com/ip/AirPods-Pro-2nd-generation-with-MagSafe-Case-USB-C/5689919121,200,200,2194,True,True,"Apple, Wireless Earbuds, AirPods Pro 2, Active Noise Cancellation - Walmart.com",text/html; charset=utf-8,True,
browserbase,Walmart AirPod product page,https://www.walmart.com/ip/AirPods-Pro-2nd-generation-with-MagSafe-Case-USB-C/5689919121,200,200,1646,True,True,"Apple, Wireless Earbuds, AirPods Pro 2, Active Noise Cancellation - Walmart.com",text/html; charset=utf-8,True,
browserbase,Walmart AirPod product page,https://www.walmart.com/ip/AirPods-Pro-2nd-generation-with-MagSafe-Case-USB-C/5689919121,200,200,1574,True,True,"Apple, Wireless Earbuds, AirPods Pro 2, Active Noise Cancellation - Walmart.com",text/html; charset=utf-8,True,
browserbase,Walmart AirPod product page,https://www.walmart.com/ip/AirPods-Pro-2nd-generation-with-MagSafe-Case-USB-C/5689919121,200,200,1587,True,True,"Apple, Wireless Earbuds, AirPods Pro 2, Active Noise Cancellation - Walmart.com",text/html; charset=utf-8,True,
browserbase,Walmart AirPod product page,https://www.walmart.com/ip/AirPods-Pro-2nd-generation-with-MagSafe-Case-USB-C/5689919121,200,200,2173,True,True,"Apple, Wireless Earbuds, AirPods Pro 2, Active Noise Cancellation - Walmart.com",text/html; charset=utf-8,True,
browserbase,Walmart AirPod product page,https://www.walmart.com/ip/AirPods-Pro-2nd-generation-with-MagSafe-Case-USB-C/5689919121,200,200,2193,True,True,"Apple, Wireless Earbuds, AirPods Pro 2, Active Noise Cancellation - Walmart.com",text/html; charset=utf-8,True,
browserbase,Walmart AirPod product page,https://www.walmart.com/ip/AirPods-Pro-2nd-generation-with-MagSafe-Case-USB-C/5689919121,200,200,1520,True,True,"Apple, Wireless Earbuds, AirPods Pro 2, Active Noise Cancellation - Walmart.com",text/html; charset=utf-8,True,
browserbase,Walmart AirPod product page,https://www.walmart.com/ip/AirPods-Pro-2nd-generation-with-MagSafe-Case-USB-C/5689919121,200,200,1417,True,True,"Apple, Wireless Earbuds, AirPods Pro 2, Active Noise Cancellation - Walmart.com",text/html; charset=utf-8,True,
browserbase,Walmart AirPod product page,https://www.walmart.com/ip/AirPods-Pro-2nd-generation-with-MagSafe-Case-USB-C/5689919121,200,200,1511,True,True,"Apple, Wireless Earbuds, AirPods Pro 2, Active Noise Cancellation - Walmart.com",text/html; charset=utf-8,True,
browserbase,Walmart AirPod product page,https://www.walmart.com/ip/AirPods-Pro-2nd-generation-with-MagSafe-Case-USB-C/5689919121,200,200,2051,True,True,"Apple, Wireless Earbuds, AirPods Pro 2, Active Noise Cancellation - Walmart.com",text/html; charset=utf-8,True,
browserbase,Walmart AirPod product page,https://www.walmart.com/ip/AirPods-Pro-2nd-generation-with-MagSafe-Case-USB-C/5689919121,200,200,1413,True,True,"Apple, Wireless Earbuds, AirPods Pro 2, Active Noise Cancellation - Walmart.com",text/html; charset=utf-8,True,
browserbase,Walmart AirPod product page,https://www.walmart.com/ip/AirPods-Pro-2nd-generation-with-MagSafe-Case-USB-C/5689919121,200,200,1818,True,True,"Apple, Wireless Earbuds, AirPods Pro 2, Active Noise Cancellation - Walmart.com",text/html; charset=utf-8,True,
browserbase,Walmart AirPod product page,https://www.walmart.com/ip/AirPods-Pro-2nd-generation-with-MagSafe-Case-USB-C/5689919121,200,200,2387,True,True,"Apple, Wireless Earbuds, AirPods Pro 2, Active Noise Cancellation - Walmart.com",text/html; charset=utf-8,True,
browserbase,Walmart AirPod product page,https://www.walmart.com/ip/AirPods-Pro-2nd-generation-with-MagSafe-Case-USB-C/5689919121,200,200,1330,True,True,"Apple, Wireless Earbuds, AirPods Pro 2, Active Noise Cancellation - Walmart.com",text/html; charset=utf-8,True,
browserbase,Walmart AirPod product page,https://www.walmart.com/ip/AirPods-Pro-2nd-generation-with-MagSafe-Case-USB-C/5689919121,200,200,1391,True,True,"Apple, Wireless Earbuds, AirPods Pro 2, Active Noise Cancellation - Walmart.com",text/html; charset=utf-8,True,
browserbase,Walmart AirPod product page,https://www.walmart.com/ip/AirPods-Pro-2nd-generation-with-MagSafe-Case-USB-C/5689919121,200,200,1542,True,True,"Apple, Wireless Earbuds, AirPods Pro 2, Active Noise Cancellation - Walmart.com",text/html; charset=utf-8,True,
browserbase,Walmart AirPod product page,https://www.walmart.com/ip/AirPods-Pro-2nd-generation-with-MagSafe-Case-USB-C/5689919121,200,200,1866,True,True,"Apple, Wireless Earbuds, AirPods Pro 2, Active Noise Cancellation - Walmart.com",text/html; charset=utf-8,True,
browserbase,Walmart AirPod product page,https://www.walmart.com/ip/AirPods-Pro-2nd-generation-with-MagSafe-Case-USB-C/5689919121,200,200,1721,True,True,"Apple, Wireless Earbuds, AirPods Pro 2, Active Noise Cancellation - Walmart.com",text/html; charset=utf-8,True,
browserbase,Walmart AirPod product page,https://www.walmart.com/ip/AirPods-Pro-2nd-generation-with-MagSafe-Case-USB-C/5689919121,200,200,1950,True,True,"Apple, Wireless Earbuds, AirPods Pro 2, Active Noise Cancellation - Walmart.com",text/html; charset=utf-8,True,
browserbase,Walmart AirPod product page,https://www.walmart.com/ip/AirPods-Pro-2nd-generation-with-MagSafe-Case-USB-C/5689919121,200,200,1625,True,True,"Apple, Wireless Earbuds, AirPods Pro 2, Active Noise Cancellation - Walmart.com",text/html; charset=utf-8,True,
browserbase,Walmart AirPod product page,https://www.walmart.com/ip/AirPods-Pro-2nd-generation-with-MagSafe-Case-USB-C/5689919121,200,200,1206,True,True,"Apple, Wireless Earbuds, AirPods Pro 2, Active Noise Cancellation - Walmart.com",text/html; charset=utf-8,True,
browserbase,Walmart AirPod product page,https://www.walmart.com/ip/AirPods-Pro-2nd-generation-with-MagSafe-Case-USB-C/5689919121,200,200,1723,True,True,"Apple, Wireless Earbuds, AirPods Pro 2, Active Noise Cancellation - Walmart.com",text/html; charset=utf-8,True,
browserbase,Walmart AirPod product page,https://www.walmart.com/ip/AirPods-Pro-2nd-generation-with-MagSafe-Case-USB-C/5689919121,200,200,1995,True,True,"Apple, Wireless Earbuds, AirPods Pro 2, Active Noise Cancellation - Walmart.com",text/html; charset=utf-8,True,
browserbase,Walmart AirPod product page,https://www.walmart.com/ip/AirPods-Pro-2nd-generation-with-MagSafe-Case-USB-C/5689919121,200,200,1225,True,True,"Apple, Wireless Earbuds, AirPods Pro 2, Active Noise Cancellation - Walmart.com",text/html; charset=utf-8,True,
browserbase,Walmart AirPod product page,https://www.walmart.com/ip/AirPods-Pro-2nd-generation-with-MagSafe-Case-USB-C/5689919121,200,200,1886,True,True,"Apple, Wireless Earbuds, AirPods Pro 2, Active Noise Cancellation - Walmart.com",text/html; charset=utf-8,True,
browserbase,Walmart AirPod product page,https://www.walmart.com/ip/AirPods-Pro-2nd-generation-with-MagSafe-Case-USB-C/5689919121,200,200,1766,True,True,"Apple, Wireless Earbuds, AirPods Pro 2, Active Noise Cancellation - Walmart.com",text/html; charset=utf-8,True,
browserbase,Amazon product page,https://www.amazon.com/dp/B09W2H338D,200,200,5174,True,False,Amazon.com,text/html,False,
browserbase,Amazon product page,https://www.amazon.com/dp/B09W2H338D,200,200,5160,True,False,Amazon.com,text/html,False,
browserbase,Amazon product page,https://www.amazon.com/dp/B09W2H338D,200,200,2768,True,True,"Amazon.com: DAREU Wireless Working Keyboard, TKL Ergonomic Mechanical Wireless Keyboard for Office, with Aluminum Alloy Panel, Function pad and Hot Keys, Stable Connection, for PC, Mac, Windows (Red Switch) : Electronics",,True,
browserbase,Amazon product page,https://www.amazon.com/dp/B09W2H338D,200,200,603,True,False,Amazon.com,text/html,False,
browserbase,Amazon product page,https://www.amazon.com/dp/B09W2H338D,200,200,3228,True,True,"Amazon.com: DAREU Wireless Working Keyboard, TKL Ergonomic Mechanical Wireless Keyboard for Office, with Aluminum Alloy Panel, Function pad and Hot Keys, Stable Connection, for PC, Mac, Windows (Red Switch) : Electronics",,True,
browserbase,Amazon product page,https://www.amazon.com/dp/B09W2H338D,200,200,581,True,False,Amazon.com,text/html,False,
browserbase,Amazon product page,https://www.amazon.com/dp/B09W2H338D,200,200,601,True,False,Amazon.com,text/html,False,
browserbase,Amazon product page,https://www.amazon.com/dp/B09W2H338D,200,200,603,True,False,Amazon.com,text/html,False,
browserbase,Amazon product page,https://www.amazon.com/dp/B09W2H338D,200,200,1973,True,True,"Amazon.com: DAREU Wireless Working Keyboard, TKL Ergonomic Mechanical Wireless Keyboard for Office, with Aluminum Alloy Panel, Function pad and Hot Keys, Stable Connection, for PC, Mac, Windows (Red Switch) : Electronics",,True,
browserbase,Amazon product page,https://www.amazon.com/dp/B09W2H338D,200,200,614,True,False,Amazon.com,text/html,False,
browserbase,Amazon product page,https://www.amazon.com/dp/B09W2H338D,200,200,622,True,False,Amazon.com,text/html,False,
browserbase,Amazon product page,https://www.amazon.com/dp/B09W2H338D,200,200,865,True,False,Amazon.com,text/html,False,
browserbase,Amazon product page,https://www.amazon.com/dp/B09W2H338D,200,200,616,True,False,Amazon.com,text/html,False,
browserbase,Amazon product page,https://www.amazon.com/dp/B09W2H338D,200,200,1672,True,True,"Amazon.com: DAREU Wireless Working Keyboard, TKL Ergonomic Mechanical Wireless Keyboard for Office, with Aluminum Alloy Panel, Function pad and Hot Keys, Stable Connection, for PC, Mac, Windows (Red Switch) : Electronics",text/html;charset=UTF-8,True,
browserbase,Amazon product page,https://www.amazon.com/dp/B09W2H338D,200,200,1803,True,True,"Amazon.com: DAREU Wireless Working Keyboard, TKL Ergonomic Mechanical Wireless Keyboard for Office, with Aluminum Alloy Panel, Function pad and Hot Keys, Stable Connection, for PC, Mac, Windows (Red Switch) : Electronics",,True,
browserbase,Amazon product page,https://www.amazon.com/dp/B09W2H338D,200,200,810,True,False,Amazon.com,text/html,False,
browserbase,Amazon product page,https://www.amazon.com/dp/B09W2H338D,200,200,1593,True,True,"Amazon.com: DAREU Wireless Working Keyboard, TKL Ergonomic Mechanical Wireless Keyboard for Office, with Aluminum Alloy Panel, Function pad and Hot Keys, Stable Connection, for PC, Mac, Windows (Red Switch) : Electronics",,True,
browserbase,Amazon product page,https://www.amazon.com/dp/B09W2H338D,200,200,1064,True,True,"Amazon.com: DAREU Wireless Working Keyboard, TKL Ergonomic Mechanical Wireless Keyboard for Office, with Aluminum Alloy Panel, Function pad and Hot Keys, Stable Connection, for PC, Mac, Windows (Red Switch) : Electronics",,True,
browserbase,Amazon product page,https://www.amazon.com/dp/B09W2H338D,200,200,657,True,False,Amazon.com,text/html,False,
browserbase,Amazon product page,https://www.amazon.com/dp/B09W2H338D,200,200,1389,True,True,"Amazon.com: DAREU Wireless Working Keyboard, TKL Ergonomic Mechanical Wireless Keyboard for Office, with Aluminum Alloy Panel, Function pad and Hot Keys, Stable Connection, for PC, Mac, Windows (Red Switch) : Electronics",,True,
browserbase,Amazon product page,https://www.amazon.com/dp/B09W2H338D,200,200,650,True,False,Amazon.com,text/html,False,
browserbase,Amazon product page,https://www.amazon.com/dp/B09W2H338D,200,200,1284,True,True,"Amazon.com: DAREU Wireless Working Keyboard, TKL Ergonomic Mechanical Wireless Keyboard for Office, with Aluminum Alloy Panel, Function pad and Hot Keys, Stable Connection, for PC, Mac, Windows (Red Switch) : Electronics",text/html;charset=UTF-8,True,
browserbase,Amazon product page,https://www.amazon.com/dp/B09W2H338D,200,200,596,True,False,Amazon.com,text/html,False,
browserbase,Amazon product page,https://www.amazon.com/dp/B09W2H338D,200,200,578,True,False,Amazon.com,text/html,False,
browserbase,Amazon product page,https://www.amazon.com/dp/B09W2H338D,200,200,566,True,False,Amazon.com,text/html,False,
browserbase,Amazon product page,https://www.amazon.com/dp/B09W2H338D,200,200,629,True,False,Amazon.com,text/html,False,
browserbase,Amazon product page,https://www.amazon.com/dp/B09W2H338D,200,200,568,True,False,Amazon.com,text/html,False,
browserbase,Amazon product page,https://www.amazon.com/dp/B09W2H338D,200,200,560,True,False,Amazon.com,text/html,False,
browserbase,Amazon product page,https://www.amazon.com/dp/B09W2H338D,200,200,1386,True,True,"Amazon.com: DAREU Wireless Working Keyboard, TKL Ergonomic Mechanical Wireless Keyboard for Office, with Aluminum Alloy Panel, Function pad and Hot Keys, Stable Connection, for PC, Mac, Windows (Red Switch) : Electronics",,True,
browserbase,Amazon product page,https://www.amazon.com/dp/B09W2H338D,200,200,1619,True,True,"Amazon.com: DAREU Wireless Working Keyboard, TKL Ergonomic Mechanical Wireless Keyboard for Office, with Aluminum Alloy Panel, Function pad and Hot Keys, Stable Connection, for PC, Mac, Windows (Red Switch) : Electronics",,True,
browserbase,Amazon product page,https://www.amazon.com/dp/B09W2H338D,200,200,1184,True,True,"Amazon.com: DAREU Wireless Working Keyboard, TKL Ergonomic Mechanical Wireless Keyboard for Office, with Aluminum Alloy Panel, Function pad and Hot Keys, Stable Connection, for PC, Mac, Windows (Red Switch) : Electronics",,True,
browserbase,Amazon product page,https://www.amazon.com/dp/B09W2H338D,200,200,1495,True,True,"Amazon.com: DAREU Wireless Working Keyboard, TKL Ergonomic Mechanical Wireless Keyboard for Office, with Aluminum Alloy Panel, Function pad and Hot Keys, Stable Connection, for PC, Mac, Windows (Red Switch) : Electronics",,True,
browserbase,Amazon product page,https://www.amazon.com/dp/B09W2H338D,200,200,1170,True,True,"Amazon.com: DAREU Wireless Working Keyboard, TKL Ergonomic Mechanical Wireless Keyboard for Office, with Aluminum Alloy Panel, Function pad and Hot Keys, Stable Connection, for PC, Mac, Windows (Red Switch) : Electronics",,True,
browserbase,Amazon product page,https://www.amazon.com/dp/B09W2H338D,200,200,1489,True,True,"Amazon.com: DAREU Wireless Working Keyboard, TKL Ergonomic Mechanical Wireless Keyboard for Office, with Aluminum Alloy Panel, Function pad and Hot Keys, Stable Connection, for PC, Mac, Windows (Red Switch) : Electronics",text/html;charset=UTF-8,True,
browserbase,Amazon product page,https://www.amazon.com/dp/B09W2H338D,200,200,721,True,False,Amazon.com,text/html,False,
browserbase,Amazon product page,https://www.amazon.com/dp/B09W2H338D,200,200,1329,True,True,"Amazon.com: DAREU Wireless Working Keyboard, TKL Ergonomic Mechanical Wireless Keyboard for Office, with Aluminum Alloy Panel, Function pad and Hot Keys, Stable Connection, for PC, Mac, Windows (Red Switch) : Electronics",,True,
browserbase,Amazon product page,https://www.amazon.com/dp/B09W2H338D,200,200,534,True,False,Amazon.com,text/html,False,
browserbase,Amazon product page,https://www.amazon.com/dp/B09W2H338D,200,200,570,True,False,Amazon.com,text/html,False,
browserbase,Amazon product page,https://www.amazon.com/dp/B09W2H338D,200,200,578,True,False,Amazon.com,text/html,False,
browserbase,Amazon product page,https://www.amazon.com/dp/B09W2H338D,200,200,628,True,False,Amazon.com,text/html,False,
browserbase,Amazon product page,https://www.amazon.com/dp/B09W2H338D,200,200,593,True,False,Amazon.com,text/html,False,
browserbase,Amazon product page,https://www.amazon.com/dp/B09W2H338D,200,200,570,True,False,Amazon.com,text/html,False,
browserbase,Amazon product page,https://www.amazon.com/dp/B09W2H338D,200,200,1198,True,True,"Amazon.com: DAREU Wireless Working Keyboard, TKL Ergonomic Mechanical Wireless Keyboard for Office, with Aluminum Alloy Panel, Function pad and Hot Keys, Stable Connection, for PC, Mac, Windows (Red Switch) : Electronics",,True,
browserbase,Amazon product page,https://www.amazon.com/dp/B09W2H338D,200,200,626,True,False,Amazon.com,text/html,False,
browserbase,Amazon product page,https://www.amazon.com/dp/B09W2H338D,200,200,1902,True,True,"Amazon.com: DAREU Wireless Working Keyboard, TKL Ergonomic Mechanical Wireless Keyboard for Office, with Aluminum Alloy Panel, Function pad and Hot Keys, Stable Connection, for PC, Mac, Windows (Red Switch) : Electronics",,True,
browserbase,Amazon product page,https://www.amazon.com/dp/B09W2H338D,200,200,1240,True,True,"Amazon.com: DAREU Wireless Working Keyboard, TKL Ergonomic Mechanical Wireless Keyboard for Office, with Aluminum Alloy Panel, Function pad and Hot Keys, Stable Connection, for PC, Mac, Windows (Red Switch) : Electronics",,True,
browserbase,Amazon product page,https://www.amazon.com/dp/B09W2H338D,200,200,641,True,False,Amazon.com,text/html,False,
browserbase,Amazon product page,https://www.amazon.com/dp/B09W2H338D,200,200,1813,True,True,"Amazon.com: DAREU Wireless Working Keyboard, TKL Ergonomic Mechanical Wireless Keyboard for Office, with Aluminum Alloy Panel, Function pad and Hot Keys, Stable Connection, for PC, Mac, Windows (Red Switch) : Electronics",,True,
browserbase,Amazon product page,https://www.amazon.com/dp/B09W2H338D,200,200,1175,True,True,"Amazon.com: DAREU Wireless Working Keyboard, TKL Ergonomic Mechanical Wireless Keyboard for Office, with Aluminum Alloy Panel, Function pad and Hot Keys, Stable Connection, for PC, Mac, Windows (Red Switch) : Electronics",,True,
browserbase,Amazon product page,https://www.amazon.com/dp/B09W2H338D,200,200,622,True,False,Amazon.com,text/html,False,
browserbase,Amazon product page,https://www.amazon.com/dp/B09W2H338D,200,200,2261,True,True,"Amazon.com: DAREU Wireless Working Keyboard, TKL Ergonomic Mechanical Wireless Keyboard for Office, with Aluminum Alloy Panel, Function pad and Hot Keys, Stable Connection, for PC, Mac, Windows (Red Switch) : Electronics",text/html;charset=UTF-8,True,
browserbase,Amazon product page,https://www.amazon.com/dp/B09W2H338D,200,200,2097,True,True,"Amazon.com: DAREU Wireless Working Keyboard, TKL Ergonomic Mechanical Wireless Keyboard for Office, with Aluminum Alloy Panel, Function pad and Hot Keys, Stable Connection, for PC, Mac, Windows (Red Switch) : Electronics",,True,
browserbase,Amazon product page,https://www.amazon.com/dp/B09W2H338D,200,200,599,True,False,Amazon.com,text/html,False,
browserbase,Amazon product page,https://www.amazon.com/dp/B09W2H338D,200,200,723,True,False,Amazon.com,text/html,False,
browserbase,Amazon product page,https://www.amazon.com/dp/B09W2H338D,200,200,1652,True,True,"Amazon.com: DAREU Wireless Working Keyboard, TKL Ergonomic Mechanical Wireless Keyboard for Office, with Aluminum Alloy Panel, Function pad and Hot Keys, Stable Connection, for PC, Mac, Windows (Red Switch) : Electronics",,True,
browserbase,Amazon product page,https://www.amazon.com/dp/B09W2H338D,200,200,736,True,False,Amazon.com,text/html,False,
browserbase,Amazon product page,https://www.amazon.com/dp/B09W2H338D,200,200,1853,True,True,"Amazon.com: DAREU Wireless Working Keyboard, TKL Ergonomic Mechanical Wireless Keyboard for Office, with Aluminum Alloy Panel, Function pad and Hot Keys, Stable Connection, for PC, Mac, Windows (Red Switch) : Electronics",,True,
browserbase,Amazon product page,https://www.amazon.com/dp/B09W2H338D,200,200,1631,True,True,"Amazon.com: DAREU Wireless Working Keyboard, TKL Ergonomic Mechanical Wireless Keyboard for Office, with Aluminum Alloy Panel, Function pad and Hot Keys, Stable Connection, for PC, Mac, Windows (Red Switch) : Electronics",,True,
browserbase,Amazon product page,https://www.amazon.com/dp/B09W2H338D,200,200,655,True,False,Amazon.com,text/html,False,
browserbase,Amazon product page,https://www.amazon.com/dp/B09W2H338D,200,200,1795,True,True,"Amazon.com: DAREU Wireless Working Keyboard, TKL Ergonomic Mechanical Wireless Keyboard for Office, with Aluminum Alloy Panel, Function pad and Hot Keys, Stable Connection, for PC, Mac, Windows (Red Switch) : Electronics",,True,
browserbase,Amazon product page,https://www.amazon.com/dp/B09W2H338D,200,200,1881,True,True,"Amazon.com: DAREU Wireless Working Keyboard, TKL Ergonomic Mechanical Wireless Keyboard for Office, with Aluminum Alloy Panel, Function pad and Hot Keys, Stable Connection, for PC, Mac, Windows (Red Switch) : Electronics",,True,
browserbase,Amazon product page,https://www.amazon.com/dp/B09W2H338D,200,200,1727,True,True,"Amazon.com: DAREU Wireless Working Keyboard, TKL Ergonomic Mechanical Wireless Keyboard for Office, with Aluminum Alloy Panel, Function pad and Hot Keys, Stable Connection, for PC, Mac, Windows (Red Switch) : Electronics",,True,
browserbase,Amazon product page,https://www.amazon.com/dp/B09W2H338D,200,200,688,True,False,Amazon.com,text/html,False,
browserbase,Amazon product page,https://www.amazon.com/dp/B09W2H338D,200,200,583,True,False,Amazon.com,text/html,False,
browserbase,Amazon product page,https://www.amazon.com/dp/B09W2H338D,200,200,1488,True,True,"Amazon.com: DAREU Wireless Working Keyboard, TKL Ergonomic Mechanical Wireless Keyboard for Office, with Aluminum Alloy Panel, Function pad and Hot Keys, Stable Connection, for PC, Mac, Windows (Red Switch) : Electronics",,True,
browserbase,Amazon product page,https://www.amazon.com/dp/B09W2H338D,200,200,595,True,False,Amazon.com,text/html,False,
browserbase,Amazon product page,https://www.amazon.com/dp/B09W2H338D,200,200,1673,True,True,"Amazon.com: DAREU Wireless Working Keyboard, TKL Ergonomic Mechanical Wireless Keyboard for Office, with Aluminum Alloy Panel, Function pad and Hot Keys, Stable Connection, for PC, Mac, Windows (Red Switch) : Electronics",text/html;charset=UTF-8,True,
browserbase,Amazon product page,https://www.amazon.com/dp/B09W2H338D,200,200,639,True,False,Amazon.com,text/html,False,
browserbase,Amazon product page,https://www.amazon.com/dp/B09W2H338D,200,200,1918,True,True,"Amazon.com: DAREU Wireless Working Keyboard, TKL Ergonomic Mechanical Wireless Keyboard for Office, with Aluminum Alloy Panel, Function pad and Hot Keys, Stable Connection, for PC, Mac, Windows (Red Switch) : Electronics",text/html;charset=UTF-8,True,
browserbase,Amazon product page,https://www.amazon.com/dp/B09W2H338D,200,200,1765,True,True,"Amazon.com: DAREU Wireless Working Keyboard, TKL Ergonomic Mechanical Wireless Keyboard for Office, with Aluminum Alloy Panel, Function pad and Hot Keys, Stable Connection, for PC, Mac, Windows (Red Switch) : Electronics",,True,
browserbase,Amazon product page,https://www.amazon.com/dp/B09W2H338D,200,200,1659,True,True,"Amazon.com: DAREU Wireless Working Keyboard, TKL Ergonomic Mechanical Wireless Keyboard for Office, with Aluminum Alloy Panel, Function pad and Hot Keys, Stable Connection, for PC, Mac, Windows (Red Switch) : Electronics",text/html;charset=UTF-8,True,
browserbase,Amazon product page,https://www.amazon.com/dp/B09W2H338D,200,200,782,True,False,Amazon.com,text/html,False,
browserbase,Amazon product page,https://www.amazon.com/dp/B09W2H338D,200,200,582,True,False,Amazon.com,text/html,False,
browserbase,Amazon product page,https://www.amazon.com/dp/B09W2H338D,200,200,567,True,False,Amazon.com,text/html,False,
browserbase,Amazon product page,https://www.amazon.com/dp/B09W2H338D,200,200,556,True,False,Amazon.com,text/html,False,
browserbase,Amazon product page,https://www.amazon.com/dp/B09W2H338D,200,200,597,True,False,Amazon.com,text/html,False,
browserbase,Amazon product page,https://www.amazon.com/dp/B09W2H338D,200,200,2969,True,True,"Amazon.com: DAREU Wireless Working Keyboard, TKL Ergonomic Mechanical Wireless Keyboard for Office, with Aluminum Alloy Panel, Function pad and Hot Keys, Stable Connection, for PC, Mac, Windows (Red Switch) : Electronics",,True,
browserbase,Amazon product page,https://www.amazon.com/dp/B09W2H338D,200,200,2839,True,True,"Amazon.com: DAREU Wireless Working Keyboard, TKL Ergonomic Mechanical Wireless Keyboard for Office, with Aluminum Alloy Panel, Function pad and Hot Keys, Stable Connection, for PC, Mac, Windows (Red Switch) : Electronics",,True,
browserbase,Amazon product page,https://www.amazon.com/dp/B09W2H338D,200,200,2628,True,True,"Amazon.com: DAREU Wireless Working Keyboard, TKL Ergonomic Mechanical Wireless Keyboard for Office, with Aluminum Alloy Panel, Function pad and Hot Keys, Stable Connection, for PC, Mac, Windows (Red Switch) : Electronics",,True,
browserbase,Amazon product page,https://www.amazon.com/dp/B09W2H338D,200,200,946,True,False,Amazon.com,text/html,False,
browserbase,Amazon product page,https://www.amazon.com/dp/B09W2H338D,200,200,719,True,False,Amazon.com,text/html,False,
browserbase,Amazon product page,https://www.amazon.com/dp/B09W2H338D,200,200,762,True,False,Amazon.com,text/html,False,
browserbase,Amazon product page,https://www.amazon.com/dp/B09W2H338D,200,200,2494,True,True,"Amazon.com: DAREU Wireless Working Keyboard, TKL Ergonomic Mechanical Wireless Keyboard for Office, with Aluminum Alloy Panel, Function pad and Hot Keys, Stable Connection, for PC, Mac, Windows (Red Switch) : Electronics",,True,
browserbase,Amazon product page,https://www.amazon.com/dp/B09W2H338D,200,200,2218,True,True,"Amazon.com: DAREU Wireless Working Keyboard, TKL Ergonomic Mechanical Wireless Keyboard for Office, with Aluminum Alloy Panel, Function pad and Hot Keys, Stable Connection, for PC, Mac, Windows (Red Switch) : Electronics",,True,
browserbase,Amazon product page,https://www.amazon.com/dp/B09W2H338D,200,200,606,True,False,Amazon.com,text/html,False,
browserbase,Amazon product page,https://www.amazon.com/dp/B09W2H338D,200,200,2276,True,True,"Amazon.com: DAREU Wireless Working Keyboard, TKL Ergonomic Mechanical Wireless Keyboard for Office, with Aluminum Alloy Panel, Function pad and Hot Keys, Stable Connection, for PC, Mac, Windows (Red Switch) : Electronics",,True,
browserbase,Amazon product page,https://www.amazon.com/dp/B09W2H338D,200,200,721,True,False,Amazon.com,text/html,False,
browserbase,Amazon product page,https://www.amazon.com/dp/B09W2H338D,200,200,1777,True,True,"Amazon.com: DAREU Wireless Working Keyboard, TKL Ergonomic Mechanical Wireless Keyboard for Office, with Aluminum Alloy Panel, Function pad and Hot Keys, Stable Connection, for PC, Mac, Windows (Red Switch) : Electronics",,True,
browserbase,Amazon product page,https://www.amazon.com/dp/B09W2H338D,200,200,2359,True,True,"Amazon.com: DAREU Wireless Working Keyboard, TKL Ergonomic Mechanical Wireless Keyboard for Office, with Aluminum Alloy Panel, Function pad and Hot Keys, Stable Connection, for PC, Mac, Windows (Red Switch) : Electronics",,True,
browserbase,Amazon product page,https://www.amazon.com/dp/B09W2H338D,200,200,610,True,False,Amazon.com,text/html,False,
browserbase,Amazon product page,https://www.amazon.com/dp/B09W2H338D,200,200,2787,True,True,"Amazon.com: DAREU Wireless Working Keyboard, TKL Ergonomic Mechanical Wireless Keyboard for Office, with Aluminum Alloy Panel, Function pad and Hot Keys, Stable Connection, for PC, Mac, Windows (Red Switch) : Electronics",text/html;charset=UTF-8,True,
browserbase,Amazon product page,https://www.amazon.com/dp/B09W2H338D,200,200,2526,True,True,"Amazon.com: DAREU Wireless Working Keyboard, TKL Ergonomic Mechanical Wireless Keyboard for Office, with Aluminum Alloy Panel, Function pad and Hot Keys, Stable Connection, for PC, Mac, Windows (Red Switch) : Electronics",text/html;charset=UTF-8,True,
browserbase,Amazon product page,https://www.amazon.com/dp/B09W2H338D,200,200,2321,True,True,"Amazon.com: DAREU Wireless Working Keyboard, TKL Ergonomic Mechanical Wireless Keyboard for Office, with Aluminum Alloy Panel, Function pad and Hot Keys, Stable Connection, for PC, Mac, Windows (Red Switch) : Electronics",,True,
browserbase,Amazon product page,https://www.amazon.com/dp/B09W2H338D,200,200,590,True,False,Amazon.com,text/html,False,
browserbase,Amazon product page,https://www.amazon.com/dp/B09W2H338D,200,200,573,True,False,Amazon.com,text/html,False,
browserbase,Amazon product page,https://www.amazon.com/dp/B09W2H338D,200,200,2352,True,True,"Amazon.com: DAREU Wireless Working Keyboard, TKL Ergonomic Mechanical Wireless Keyboard for Office, with Aluminum Alloy Panel, Function pad and Hot Keys, Stable Connection, for PC, Mac, Windows (Red Switch) : Electronics",text/html;charset=UTF-8,True,
browserbase,Amazon product page,https://www.amazon.com/dp/B09W2H338D,200,200,2280,True,True,"Amazon.com: DAREU Wireless Working Keyboard, TKL Ergonomic Mechanical Wireless Keyboard for Office, with Aluminum Alloy Panel, Function pad and Hot Keys, Stable Connection, for PC, Mac, Windows (Red Switch) : Electronics",,True,
browserbase,Amazon product page,https://www.amazon.com/dp/B09W2H338D,200,200,546,True,False,Amazon.com,text/html,False,
browserbase,Amazon product page,https://www.amazon.com/dp/B09W2H338D,200,200,2558,True,True,"Amazon.com: DAREU Wireless Working Keyboard, TKL Ergonomic Mechanical Wireless Keyboard for Office, with Aluminum Alloy Panel, Function pad and Hot Keys, Stable Connection, for PC, Mac, Windows (Red Switch) : Electronics",,True,
browserbase,Amazon product page,https://www.amazon.com/dp/B09W2H338D,200,200,2638,True,True,"Amazon.com: DAREU Wireless Working Keyboard, TKL Ergonomic Mechanical Wireless Keyboard for Office, with Aluminum Alloy Panel, Function pad and Hot Keys, Stable Connection, for PC, Mac, Windows (Red Switch) : Electronics",,True,
browserbase,Python documentation,https://docs.python.org/3/,200,200,549,True,True,3.14.7 Documentation,text/html,True,
browserbase,Python documentation,https://docs.python.org/3/,200,200,529,True,True,3.14.7 Documentation,text/html,True,
browserbase,Python documentation,https://docs.python.org/3/,200,200,496,True,True,3.14.7 Documentation,text/html,True,
browserbase,Python documentation,https://docs.python.org/3/,200,200,535,True,True,3.14.7 Documentation,text/html,True,
browserbase,Python documentation,https://docs.python.org/3/,200,200,479,True,True,3.14.7 Documentation,text/html,True,
browserbase,Python documentation,https://docs.python.org/3/,200,200,502,True,True,3.14.7 Documentation,text/html,True,
browserbase,Python documentation,https://docs.python.org/3/,200,200,473,True,True,3.14.7 Documentation,text/html,True,
browserbase,Python documentation,https://docs.python.org/3/,200,200,483,True,True,3.14.7 Documentation,text/html,True,
browserbase,Python documentation,https://docs.python.org/3/,200,200,504,True,True,3.14.7 Documentation,text/html,True,
browserbase,Python documentation,https://docs.python.org/3/,200,200,651,True,True,3.14.7 Documentation,text/html,True,
browserbase,Python documentation,https://docs.python.org/3/,200,200,517,True,True,3.14.7 Documentation,text/html,True,
browserbase,Python documentation,https://docs.python.org/3/,200,200,486,True,True,3.14.7 Documentation,text/html,True,
browserbase,Python documentation,https://docs.python.org/3/,200,200,513,True,True,3.14.7 Documentation,text/html,True,
browserbase,Python documentation,https://docs.python.org/3/,200,200,678,True,True,3.14.7 Documentation,text/html,True,
browserbase,Python documentation,https://docs.python.org/3/,200,200,466,True,True,3.14.7 Documentation,text/html,True,
browserbase,Python documentation,https://docs.python.org/3/,200,200,488,True,True,3.14.7 Documentation,text/html,True,
browserbase,Python documentation,https://docs.python.org/3/,200,200,505,True,True,3.14.7 Documentation,text/html,True,
browserbase,Python documentation,https://docs.python.org/3/,200,200,511,True,True,3.14.7 Documentation,text/html,True,
browserbase,Python documentation,https://docs.python.org/3/,200,200,497,True,True,3.14.7 Documentation,text/html,True,
browserbase,Python documentation,https://docs.python.org/3/,200,200,515,True,True,3.14.7 Documentation,text/html,True,
browserbase,Python documentation,https://docs.python.org/3/,200,200,513,True,True,3.14.7 Documentation,text/html,True,
browserbase,Python documentation,https://docs.python.org/3/,200,200,555,True,True,3.14.7 Documentation,text/html,True,
browserbase,Python documentation,https://docs.python.org/3/,200,200,519,True,True,3.14.7 Documentation,text/html,True,
browserbase,Python documentation,https://docs.python.org/3/,200,200,499,True,True,3.14.7 Documentation,text/html,True,
browserbase,Python documentation,https://docs.python.org/3/,200,200,542,True,True,3.14.7 Documentation,text/html,True,
browserbase,Python documentation,https://docs.python.org/3/,200,200,543,True,True,3.14.7 Documentation,text/html,True,
browserbase,Python documentation,https://docs.python.org/3/,200,200,535,True,True,3.14.7 Documentation,text/html,True,
browserbase,Python documentation,https://docs.python.org/3/,200,200,553,True,True,3.14.7 Documentation,text/html,True,
browserbase,Python documentation,https://docs.python.org/3/,200,200,656,True,True,3.14.7 Documentation,text/html,True,
browserbase,Python documentation,https://docs.python.org/3/,200,200,450,True,True,3.14.7 Documentation,text/html,True,
browserbase,Python documentation,https://docs.python.org/3/,200,200,524,True,True,3.14.7 Documentation,text/html,True,
browserbase,Python documentation,https://docs.python.org/3/,200,200,533,True,True,3.14.7 Documentation,text/html,True,
browserbase,Python documentation,https://docs.python.org/3/,200,200,501,True,True,3.14.7 Documentation,text/html,True,
browserbase,Python documentation,https://docs.python.org/3/,200,200,527,True,True,3.14.7 Documentation,text/html,True,
browserbase,Python documentation,https://docs.python.org/3/,200,200,474,True,True,3.14.7 Documentation,text/html,True,
browserbase,Python documentation,https://docs.python.org/3/,200,200,469,True,True,3.14.7 Documentation,text/html,True,
browserbase,Python documentation,https://docs.python.org/3/,200,200,507,True,True,3.14.7 Documentation,text/html,True,
browserbase,Python documentation,https://docs.python.org/3/,200,200,463,True,True,3.14.7 Documentation,text/html,True,
browserbase,Python documentation,https://docs.python.org/3/,200,200,476,True,True,3.14.7 Documentation,text/html,True,
browserbase,Python documentation,https://docs.python.org/3/,200,200,506,True,True,3.14.7 Documentation,text/html,True,
browserbase,Python documentation,https://docs.python.org/3/,200,200,458,True,True,3.14.7 Documentation,text/html,True,
browserbase,Python documentation,https://docs.python.org/3/,200,200,517,True,True,3.14.7 Documentation,text/html,True,
browserbase,Python documentation,https://docs.python.org/3/,200,200,507,True,True,3.14.7 Documentation,text/html,True,
browserbase,Python documentation,https://docs.python.org/3/,200,200,497,True,True,3.14.7 Documentation,text/html,True,
browserbase,Python documentation,https://docs.python.org/3/,200,200,470,True,True,3.14.7 Documentation,text/html,True,
browserbase,Python documentation,https://docs.python.org/3/,200,200,478,True,True,3.14.7 Documentation,text/html,True,
browserbase,Python documentation,https://docs.python.org/3/,200,200,512,True,True,3.14.7 Documentation,text/html,True,
browserbase,Python documentation,https://docs.python.org/3/,200,200,465,True,True,3.14.7 Documentation,text/html,True,
browserbase,Python documentation,https://docs.python.org/3/,200,200,517,True,True,3.14.7 Documentation,text/html,True,
browserbase,Python documentation,https://docs.python.org/3/,200,200,495,True,True,3.14.7 Documentation,text/html,True,
browserbase,Python documentation,https://docs.python.org/3/,200,200,505,True,True,3.14.7 Documentation,text/html,True,
browserbase,Python documentation,https://docs.python.org/3/,200,200,487,True,True,3.14.7 Documentation,text/html,True,
browserbase,Python documentation,https://docs.python.org/3/,200,200,514,True,True,3.14.7 Documentation,text/html,True,
browserbase,Python documentation,https://docs.python.org/3/,200,200,503,True,True,3.14.7 Documentation,text/html,True,
browserbase,Python documentation,https://docs.python.org/3/,200,200,491,True,True,3.14.7 Documentation,text/html,True,
browserbase,Python documentation,https://docs.python.org/3/,200,200,653,True,True,3.14.7 Documentation,text/html,True,
browserbase,Python documentation,https://docs.python.org/3/,200,200,507,True,True,3.14.7 Documentation,text/html,True,
browserbase,Python documentation,https://docs.python.org/3/,200,200,476,True,True,3.14.7 Documentation,text/html,True,
browserbase,Python documentation,https://docs.python.org/3/,200,200,542,True,True,3.14.7 Documentation,text/html,True,
browserbase,Python documentation,https://docs.python.org/3/,200,200,542,True,True,3.14.7 Documentation,text/html,True,
browserbase,Python documentation,https://docs.python.org/3/,200,200,482,True,True,3.14.7 Documentation,text/html,True,
browserbase,Python documentation,https://docs.python.org/3/,200,200,506,True,True,3.14.7 Documentation,text/html,True,
browserbase,Python documentation,https://docs.python.org/3/,200,200,506,True,True,3.14.7 Documentation,text/html,True,
browserbase,Python documentation,https://docs.python.org/3/,200,200,490,True,True,3.14.7 Documentation,text/html,True,
browserbase,Python documentation,https://docs.python.org/3/,200,200,525,True,True,3.14.7 Documentation,text/html,True,
browserbase,Python documentation,https://docs.python.org/3/,200,200,479,True,True,3.14.7 Documentation,text/html,True,
browserbase,Python documentation,https://docs.python.org/3/,200,200,643,True,True,3.14.7 Documentation,text/html,True,
browserbase,Python documentation,https://docs.python.org/3/,200,200,538,True,True,3.14.7 Documentation,text/html,True,
browserbase,Python documentation,https://docs.python.org/3/,200,200,482,True,True,3.14.7 Documentation,text/html,True,
browserbase,Python documentation,https://docs.python.org/3/,200,200,495,True,True,3.14.7 Documentation,text/html,True,
browserbase,Python documentation,https://docs.python.org/3/,200,200,474,True,True,3.14.7 Documentation,text/html,True,
browserbase,Python documentation,https://docs.python.org/3/,200,200,517,True,True,3.14.7 Documentation,text/html,True,
browserbase,Python documentation,https://docs.python.org/3/,200,200,455,True,True,3.14.7 Documentation,text/html,True,
browserbase,Python documentation,https://docs.python.org/3/,200,200,570,True,True,3.14.7 Documentation,text/html,True,
browserbase,Python documentation,https://docs.python.org/3/,200,200,501,True,True,3.14.7 Documentation,text/html,True,
browserbase,Python documentation,https://docs.python.org/3/,200,200,555,True,True,3.14.7 Documentation,text/html,True,
browserbase,Python documentation,https://docs.python.org/3/,200,200,519,True,True,3.14.7 Documentation,text/html,True,
browserbase,Python documentation,https://docs.python.org/3/,200,200,638,True,True,3.14.7 Documentation,text/html,True,
browserbase,Python documentation,https://docs.python.org/3/,200,200,496,True,True,3.14.7 Documentation,text/html,True,
browserbase,Python documentation,https://docs.python.org/3/,200,200,495,True,True,3.14.7 Documentation,text/html,True,
browserbase,Python documentation,https://docs.python.org/3/,200,200,525,True,True,3.14.7 Documentation,text/html,True,
browserbase,Python documentation,https://docs.python.org/3/,200,200,495,True,True,3.14.7 Documentation,text/html,True,
browserbase,Python documentation,https://docs.python.org/3/,200,200,541,True,True,3.14.7 Documentation,text/html,True,
browserbase,Python documentation,https://docs.python.org/3/,200,200,593,True,True,3.14.7 Documentation,text/html,True,
browserbase,Python documentation,https://docs.python.org/3/,200,200,485,True,True,3.14.7 Documentation,text/html,True,
browserbase,Python documentation,https://docs.python.org/3/,200,200,673,True,True,3.14.7 Documentation,text/html,True,
browserbase,Python documentation,https://docs.python.org/3/,200,200,475,True,True,3.14.7 Documentation,text/html,True,
browserbase,Python documentation,https://docs.python.org/3/,200,200,511,True,True,3.14.7 Documentation,text/html,True,
browserbase,Python documentation,https://docs.python.org/3/,200,200,551,True,True,3.14.7 Documentation,text/html,True,
browserbase,Python documentation,https://docs.python.org/3/,200,200,530,True,True,3.14.7 Documentation,text/html,True,
browserbase,Python documentation,https://docs.python.org/3/,200,200,474,True,True,3.14.7 Documentation,text/html,True,
browserbase,Python documentation,https://docs.python.org/3/,200,200,514,True,True,3.14.7 Documentation,text/html,True,
browserbase,Python documentation,https://docs.python.org/3/,200,200,508,True,True,3.14.7 Documentation,text/html,True,
browserbase,Python documentation,https://docs.python.org/3/,200,200,543,True,True,3.14.7 Documentation,text/html,True,
browserbase,Python documentation,https://docs.python.org/3/,200,200,492,True,True,3.14.7 Documentation,text/html,True,
browserbase,Python documentation,https://docs.python.org/3/,200,200,531,True,True,3.14.7 Documentation,text/html,True,
browserbase,Python documentation,https://docs.python.org/3/,200,200,498,True,True,3.14.7 Documentation,text/html,True,
browserbase,Python documentation,https://docs.python.org/3/,200,200,527,True,True,3.14.7 Documentation,text/html,True,
browserbase,Python documentation,https://docs.python.org/3/,200,200,514,True,True,3.14.7 Documentation,text/html,True,
browserbase,Python documentation,https://docs.python.org/3/,200,200,537,True,True,3.14.7 Documentation,text/html,True,
