tool,target,url,api_status_code,target_status_code,response_ms,has_title,has_expected_content,title,content_type,success,error
zenrows,IKEA product page,https://www.ikea.com/us/en/p/kallax-shelf-unit-white-80275887/,200,200,2894,True,True,"KALLAX shelf unit, white, 301/8x575/8""  - IKEA",,True,
zenrows,IKEA product page,https://www.ikea.com/us/en/p/kallax-shelf-unit-white-80275887/,200,200,2720,True,True,"KALLAX shelf unit, white, 301/8x575/8""  - IKEA",,True,
zenrows,IKEA product page,https://www.ikea.com/us/en/p/kallax-shelf-unit-white-80275887/,200,200,1641,True,True,"KALLAX shelf unit, white, 301/8x575/8""  - IKEA",,True,
zenrows,IKEA product page,https://www.ikea.com/us/en/p/kallax-shelf-unit-white-80275887/,200,200,1880,True,True,"KALLAX shelf unit, white, 301/8x575/8""  - IKEA",,True,
zenrows,IKEA product page,https://www.ikea.com/us/en/p/kallax-shelf-unit-white-80275887/,200,200,2895,True,True,"KALLAX shelf unit, white, 301/8x575/8""  - IKEA",,True,
zenrows,IKEA product page,https://www.ikea.com/us/en/p/kallax-shelf-unit-white-80275887/,200,200,2152,True,True,"KALLAX shelf unit, white, 301/8x575/8""  - IKEA",,True,
zenrows,IKEA product page,https://www.ikea.com/us/en/p/kallax-shelf-unit-white-80275887/,200,200,1463,True,True,"KALLAX shelf unit, white, 301/8x575/8""  - IKEA",,True,
zenrows,IKEA product page,https://www.ikea.com/us/en/p/kallax-shelf-unit-white-80275887/,200,200,2054,True,True,"KALLAX shelf unit, white, 301/8x575/8""  - IKEA",,True,
zenrows,IKEA product page,https://www.ikea.com/us/en/p/kallax-shelf-unit-white-80275887/,200,200,2798,True,True,"KALLAX shelf unit, white, 301/8x575/8""  - IKEA",,True,
zenrows,IKEA product page,https://www.ikea.com/us/en/p/kallax-shelf-unit-white-80275887/,200,200,1653,True,True,"KALLAX shelf unit, white, 301/8x575/8""  - IKEA",,True,
zenrows,IKEA product page,https://www.ikea.com/us/en/p/kallax-shelf-unit-white-80275887/,200,200,1421,True,True,"KALLAX shelf unit, white, 301/8x575/8""  - IKEA",,True,
zenrows,IKEA product page,https://www.ikea.com/us/en/p/kallax-shelf-unit-white-80275887/,200,200,1844,True,True,"KALLAX shelf unit, white, 301/8x575/8""  - IKEA",,True,
zenrows,IKEA product page,https://www.ikea.com/us/en/p/kallax-shelf-unit-white-80275887/,200,200,1657,True,True,"KALLAX shelf unit, white, 301/8x575/8""  - IKEA",,True,
zenrows,IKEA product page,https://www.ikea.com/us/en/p/kallax-shelf-unit-white-80275887/,200,200,1502,True,True,"KALLAX shelf unit, white, 301/8x575/8""  - IKEA",,True,
zenrows,IKEA product page,https://www.ikea.com/us/en/p/kallax-shelf-unit-white-80275887/,200,200,1421,True,True,"KALLAX shelf unit, white, 301/8x575/8""  - IKEA",,True,
zenrows,IKEA product page,https://www.ikea.com/us/en/p/kallax-shelf-unit-white-80275887/,200,200,1429,True,True,"KALLAX shelf unit, white, 301/8x575/8""  - IKEA",,True,
zenrows,IKEA product page,https://www.ikea.com/us/en/p/kallax-shelf-unit-white-80275887/,200,200,1450,True,True,"KALLAX shelf unit, white, 301/8x575/8""  - IKEA",,True,
zenrows,IKEA product page,https://www.ikea.com/us/en/p/kallax-shelf-unit-white-80275887/,200,200,1987,True,True,"KALLAX shelf unit, white, 301/8x575/8""  - IKEA",,True,
zenrows,IKEA product page,https://www.ikea.com/us/en/p/kallax-shelf-unit-white-80275887/,200,200,1816,True,True,"KALLAX shelf unit, white, 301/8x575/8""  - IKEA",,True,
zenrows,IKEA product page,https://www.ikea.com/us/en/p/kallax-shelf-unit-white-80275887/,200,200,2331,True,True,"KALLAX shelf unit, white, 301/8x575/8""  - IKEA",,True,
zenrows,IKEA product page,https://www.ikea.com/us/en/p/kallax-shelf-unit-white-80275887/,200,200,1886,True,True,"KALLAX shelf unit, white, 301/8x575/8""  - IKEA",,True,
zenrows,IKEA product page,https://www.ikea.com/us/en/p/kallax-shelf-unit-white-80275887/,200,200,2122,True,True,"KALLAX shelf unit, white, 301/8x575/8""  - IKEA",,True,
zenrows,IKEA product page,https://www.ikea.com/us/en/p/kallax-shelf-unit-white-80275887/,200,200,3086,True,True,"KALLAX shelf unit, white, 301/8x575/8""  - IKEA",,True,
zenrows,IKEA product page,https://www.ikea.com/us/en/p/kallax-shelf-unit-white-80275887/,200,200,1456,True,True,"KALLAX shelf unit, white, 301/8x575/8""  - IKEA",,True,
zenrows,IKEA product page,https://www.ikea.com/us/en/p/kallax-shelf-unit-white-80275887/,200,200,2823,True,True,"KALLAX shelf unit, white, 301/8x575/8""  - IKEA",,True,
zenrows,IKEA product page,https://www.ikea.com/us/en/p/kallax-shelf-unit-white-80275887/,200,200,2671,True,True,"KALLAX shelf unit, white, 301/8x575/8""  - IKEA",,True,
zenrows,IKEA product page,https://www.ikea.com/us/en/p/kallax-shelf-unit-white-80275887/,200,200,1545,True,True,"KALLAX shelf unit, white, 301/8x575/8""  - IKEA",,True,
zenrows,IKEA product page,https://www.ikea.com/us/en/p/kallax-shelf-unit-white-80275887/,200,200,1973,True,True,"KALLAX shelf unit, white, 301/8x575/8""  - IKEA",,True,
zenrows,IKEA product page,https://www.ikea.com/us/en/p/kallax-shelf-unit-white-80275887/,200,200,1986,True,True,"KALLAX shelf unit, white, 301/8x575/8""  - IKEA",,True,
zenrows,IKEA product page,https://www.ikea.com/us/en/p/kallax-shelf-unit-white-80275887/,200,200,1424,True,True,"KALLAX shelf unit, white, 301/8x575/8""  - IKEA",,True,
zenrows,IKEA product page,https://www.ikea.com/us/en/p/kallax-shelf-unit-white-80275887/,200,200,1970,True,True,"KALLAX shelf unit, white, 301/8x575/8""  - IKEA",,True,
zenrows,IKEA product page,https://www.ikea.com/us/en/p/kallax-shelf-unit-white-80275887/,200,200,1446,True,True,"KALLAX shelf unit, white, 301/8x575/8""  - IKEA",,True,
zenrows,IKEA product page,https://www.ikea.com/us/en/p/kallax-shelf-unit-white-80275887/,200,200,2058,True,True,"KALLAX shelf unit, white, 301/8x575/8""  - IKEA",,True,
zenrows,IKEA product page,https://www.ikea.com/us/en/p/kallax-shelf-unit-white-80275887/,200,200,1677,True,True,"KALLAX shelf unit, white, 301/8x575/8""  - IKEA",,True,
zenrows,IKEA product page,https://www.ikea.com/us/en/p/kallax-shelf-unit-white-80275887/,200,200,1833,True,True,"KALLAX shelf unit, white, 301/8x575/8""  - IKEA",,True,
zenrows,IKEA product page,https://www.ikea.com/us/en/p/kallax-shelf-unit-white-80275887/,200,200,1630,True,True,"KALLAX shelf unit, white, 301/8x575/8""  - IKEA",,True,
zenrows,IKEA product page,https://www.ikea.com/us/en/p/kallax-shelf-unit-white-80275887/,200,200,1885,True,True,"KALLAX shelf unit, white, 301/8x575/8""  - IKEA",,True,
zenrows,IKEA product page,https://www.ikea.com/us/en/p/kallax-shelf-unit-white-80275887/,200,200,1427,True,True,"KALLAX shelf unit, white, 301/8x575/8""  - IKEA",,True,
zenrows,IKEA product page,https://www.ikea.com/us/en/p/kallax-shelf-unit-white-80275887/,200,200,2853,True,True,"KALLAX shelf unit, white, 301/8x575/8""  - IKEA",,True,
zenrows,IKEA product page,https://www.ikea.com/us/en/p/kallax-shelf-unit-white-80275887/,200,200,1145,True,True,"KALLAX shelf unit, white, 301/8x575/8""  - IKEA",,True,
zenrows,IKEA product page,https://www.ikea.com/us/en/p/kallax-shelf-unit-white-80275887/,200,200,1487,True,True,"KALLAX shelf unit, white, 301/8x575/8""  - IKEA",,True,
zenrows,IKEA product page,https://www.ikea.com/us/en/p/kallax-shelf-unit-white-80275887/,200,200,1243,True,True,"KALLAX shelf unit, white, 301/8x575/8""  - IKEA",,True,
zenrows,IKEA product page,https://www.ikea.com/us/en/p/kallax-shelf-unit-white-80275887/,200,200,1456,True,True,"KALLAX shelf unit, white, 301/8x575/8""  - IKEA",,True,
zenrows,IKEA product page,https://www.ikea.com/us/en/p/kallax-shelf-unit-white-80275887/,200,200,1817,True,True,"KALLAX shelf unit, white, 301/8x575/8""  - IKEA",,True,
zenrows,IKEA product page,https://www.ikea.com/us/en/p/kallax-shelf-unit-white-80275887/,200,200,1728,True,True,"KALLAX shelf unit, white, 301/8x575/8""  - IKEA",,True,
zenrows,IKEA product page,https://www.ikea.com/us/en/p/kallax-shelf-unit-white-80275887/,200,200,1649,True,True,"KALLAX shelf unit, white, 301/8x575/8""  - IKEA",,True,
zenrows,IKEA product page,https://www.ikea.com/us/en/p/kallax-shelf-unit-white-80275887/,200,200,1284,True,True,"KALLAX shelf unit, white, 301/8x575/8""  - IKEA",,True,
zenrows,IKEA product page,https://www.ikea.com/us/en/p/kallax-shelf-unit-white-80275887/,200,200,2052,True,True,"KALLAX shelf unit, white, 301/8x575/8""  - IKEA",,True,
zenrows,IKEA product page,https://www.ikea.com/us/en/p/kallax-shelf-unit-white-80275887/,200,200,2063,True,True,"KALLAX shelf unit, white, 301/8x575/8""  - IKEA",,True,
zenrows,IKEA product page,https://www.ikea.com/us/en/p/kallax-shelf-unit-white-80275887/,200,200,1935,True,True,"KALLAX shelf unit, white, 301/8x575/8""  - IKEA",,True,
zenrows,IKEA product page,https://www.ikea.com/us/en/p/kallax-shelf-unit-white-80275887/,200,200,1643,True,True,"KALLAX shelf unit, white, 301/8x575/8""  - IKEA",,True,
zenrows,IKEA product page,https://www.ikea.com/us/en/p/kallax-shelf-unit-white-80275887/,200,200,1398,True,True,"KALLAX shelf unit, white, 301/8x575/8""  - IKEA",,True,
zenrows,IKEA product page,https://www.ikea.com/us/en/p/kallax-shelf-unit-white-80275887/,200,200,1623,True,True,"KALLAX shelf unit, white, 301/8x575/8""  - IKEA",,True,
zenrows,IKEA product page,https://www.ikea.com/us/en/p/kallax-shelf-unit-white-80275887/,200,200,1475,True,True,"KALLAX shelf unit, white, 301/8x575/8""  - IKEA",,True,
zenrows,IKEA product page,https://www.ikea.com/us/en/p/kallax-shelf-unit-white-80275887/,200,200,2791,True,True,"KALLAX shelf unit, white, 301/8x575/8""  - IKEA",,True,
zenrows,IKEA product page,https://www.ikea.com/us/en/p/kallax-shelf-unit-white-80275887/,200,200,2540,True,True,"KALLAX shelf unit, white, 301/8x575/8""  - IKEA",,True,
zenrows,IKEA product page,https://www.ikea.com/us/en/p/kallax-shelf-unit-white-80275887/,200,200,2426,True,True,"KALLAX shelf unit, white, 301/8x575/8""  - IKEA",,True,
zenrows,IKEA product page,https://www.ikea.com/us/en/p/kallax-shelf-unit-white-80275887/,200,200,1884,True,True,"KALLAX shelf unit, white, 301/8x575/8""  - IKEA",,True,
zenrows,IKEA product page,https://www.ikea.com/us/en/p/kallax-shelf-unit-white-80275887/,200,200,1850,True,True,"KALLAX shelf unit, white, 301/8x575/8""  - IKEA",,True,
zenrows,IKEA product page,https://www.ikea.com/us/en/p/kallax-shelf-unit-white-80275887/,200,200,1462,True,True,"KALLAX shelf unit, white, 301/8x575/8""  - IKEA",,True,
zenrows,IKEA product page,https://www.ikea.com/us/en/p/kallax-shelf-unit-white-80275887/,200,200,1422,True,True,"KALLAX shelf unit, white, 301/8x575/8""  - IKEA",,True,
zenrows,IKEA product page,https://www.ikea.com/us/en/p/kallax-shelf-unit-white-80275887/,200,200,1890,True,True,"KALLAX shelf unit, white, 301/8x575/8""  - IKEA",,True,
zenrows,IKEA product page,https://www.ikea.com/us/en/p/kallax-shelf-unit-white-80275887/,200,200,1370,True,True,"KALLAX shelf unit, white, 301/8x575/8""  - IKEA",,True,
zenrows,IKEA product page,https://www.ikea.com/us/en/p/kallax-shelf-unit-white-80275887/,200,200,1707,True,True,"KALLAX shelf unit, white, 301/8x575/8""  - IKEA",,True,
zenrows,IKEA product page,https://www.ikea.com/us/en/p/kallax-shelf-unit-white-80275887/,200,200,1660,True,True,"KALLAX shelf unit, white, 301/8x575/8""  - IKEA",,True,
zenrows,IKEA product page,https://www.ikea.com/us/en/p/kallax-shelf-unit-white-80275887/,200,200,1599,True,True,"KALLAX shelf unit, white, 301/8x575/8""  - IKEA",,True,
zenrows,IKEA product page,https://www.ikea.com/us/en/p/kallax-shelf-unit-white-80275887/,200,200,1164,True,True,"KALLAX shelf unit, white, 301/8x575/8""  - IKEA",,True,
zenrows,IKEA product page,https://www.ikea.com/us/en/p/kallax-shelf-unit-white-80275887/,200,200,1413,True,True,"KALLAX shelf unit, white, 301/8x575/8""  - IKEA",,True,
zenrows,IKEA product page,https://www.ikea.com/us/en/p/kallax-shelf-unit-white-80275887/,200,200,1571,True,True,"KALLAX shelf unit, white, 301/8x575/8""  - IKEA",,True,
zenrows,IKEA product page,https://www.ikea.com/us/en/p/kallax-shelf-unit-white-80275887/,200,200,1376,True,True,"KALLAX shelf unit, white, 301/8x575/8""  - IKEA",,True,
zenrows,IKEA product page,https://www.ikea.com/us/en/p/kallax-shelf-unit-white-80275887/,200,200,1479,True,True,"KALLAX shelf unit, white, 301/8x575/8""  - IKEA",,True,
zenrows,IKEA product page,https://www.ikea.com/us/en/p/kallax-shelf-unit-white-80275887/,200,200,1752,True,True,"KALLAX shelf unit, white, 301/8x575/8""  - IKEA",,True,
zenrows,IKEA product page,https://www.ikea.com/us/en/p/kallax-shelf-unit-white-80275887/,200,200,1498,True,True,"KALLAX shelf unit, white, 301/8x575/8""  - IKEA",,True,
zenrows,IKEA product page,https://www.ikea.com/us/en/p/kallax-shelf-unit-white-80275887/,200,200,3061,True,True,"KALLAX shelf unit, white, 301/8x575/8""  - IKEA",,True,
zenrows,IKEA product page,https://www.ikea.com/us/en/p/kallax-shelf-unit-white-80275887/,200,200,1943,True,True,"KALLAX shelf unit, white, 301/8x575/8""  - IKEA",,True,
zenrows,IKEA product page,https://www.ikea.com/us/en/p/kallax-shelf-unit-white-80275887/,200,200,1291,True,True,"KALLAX shelf unit, white, 301/8x575/8""  - IKEA",,True,
zenrows,IKEA product page,https://www.ikea.com/us/en/p/kallax-shelf-unit-white-80275887/,200,200,1768,True,True,"KALLAX shelf unit, white, 301/8x575/8""  - IKEA",,True,
zenrows,IKEA product page,https://www.ikea.com/us/en/p/kallax-shelf-unit-white-80275887/,200,200,1746,True,True,"KALLAX shelf unit, white, 301/8x575/8""  - IKEA",,True,
zenrows,IKEA product page,https://www.ikea.com/us/en/p/kallax-shelf-unit-white-80275887/,200,200,2320,True,True,"KALLAX shelf unit, white, 301/8x575/8""  - IKEA",,True,
zenrows,IKEA product page,https://www.ikea.com/us/en/p/kallax-shelf-unit-white-80275887/,200,200,1549,True,True,"KALLAX shelf unit, white, 301/8x575/8""  - IKEA",,True,
zenrows,IKEA product page,https://www.ikea.com/us/en/p/kallax-shelf-unit-white-80275887/,200,200,1318,True,True,"KALLAX shelf unit, white, 301/8x575/8""  - IKEA",,True,
zenrows,IKEA product page,https://www.ikea.com/us/en/p/kallax-shelf-unit-white-80275887/,200,200,1334,True,True,"KALLAX shelf unit, white, 301/8x575/8""  - IKEA",,True,
zenrows,IKEA product page,https://www.ikea.com/us/en/p/kallax-shelf-unit-white-80275887/,200,200,1741,True,True,"KALLAX shelf unit, white, 301/8x575/8""  - IKEA",,True,
zenrows,IKEA product page,https://www.ikea.com/us/en/p/kallax-shelf-unit-white-80275887/,200,200,1684,True,True,"KALLAX shelf unit, white, 301/8x575/8""  - IKEA",,True,
zenrows,IKEA product page,https://www.ikea.com/us/en/p/kallax-shelf-unit-white-80275887/,200,200,1461,True,True,"KALLAX shelf unit, white, 301/8x575/8""  - IKEA",,True,
zenrows,IKEA product page,https://www.ikea.com/us/en/p/kallax-shelf-unit-white-80275887/,200,200,1478,True,True,"KALLAX shelf unit, white, 301/8x575/8""  - IKEA",,True,
zenrows,IKEA product page,https://www.ikea.com/us/en/p/kallax-shelf-unit-white-80275887/,200,200,1894,True,True,"KALLAX shelf unit, white, 301/8x575/8""  - IKEA",,True,
zenrows,IKEA product page,https://www.ikea.com/us/en/p/kallax-shelf-unit-white-80275887/,200,200,2118,True,True,"KALLAX shelf unit, white, 301/8x575/8""  - IKEA",,True,
zenrows,IKEA product page,https://www.ikea.com/us/en/p/kallax-shelf-unit-white-80275887/,200,200,1620,True,True,"KALLAX shelf unit, white, 301/8x575/8""  - IKEA",,True,
zenrows,IKEA product page,https://www.ikea.com/us/en/p/kallax-shelf-unit-white-80275887/,200,200,1732,True,True,"KALLAX shelf unit, white, 301/8x575/8""  - IKEA",,True,
zenrows,IKEA product page,https://www.ikea.com/us/en/p/kallax-shelf-unit-white-80275887/,200,200,1563,True,True,"KALLAX shelf unit, white, 301/8x575/8""  - IKEA",,True,
zenrows,IKEA product page,https://www.ikea.com/us/en/p/kallax-shelf-unit-white-80275887/,200,200,1347,True,True,"KALLAX shelf unit, white, 301/8x575/8""  - IKEA",,True,
zenrows,IKEA product page,https://www.ikea.com/us/en/p/kallax-shelf-unit-white-80275887/,200,200,1430,True,True,"KALLAX shelf unit, white, 301/8x575/8""  - IKEA",,True,
zenrows,IKEA product page,https://www.ikea.com/us/en/p/kallax-shelf-unit-white-80275887/,200,200,1956,True,True,"KALLAX shelf unit, white, 301/8x575/8""  - IKEA",,True,
zenrows,IKEA product page,https://www.ikea.com/us/en/p/kallax-shelf-unit-white-80275887/,200,200,1853,True,True,"KALLAX shelf unit, white, 301/8x575/8""  - IKEA",,True,
zenrows,IKEA product page,https://www.ikea.com/us/en/p/kallax-shelf-unit-white-80275887/,200,200,1697,True,True,"KALLAX shelf unit, white, 301/8x575/8""  - IKEA",,True,
zenrows,IKEA product page,https://www.ikea.com/us/en/p/kallax-shelf-unit-white-80275887/,200,200,2255,True,True,"KALLAX shelf unit, white, 301/8x575/8""  - IKEA",,True,
zenrows,IKEA product page,https://www.ikea.com/us/en/p/kallax-shelf-unit-white-80275887/,200,200,1829,True,True,"KALLAX shelf unit, white, 301/8x575/8""  - IKEA",,True,
zenrows,IKEA product page,https://www.ikea.com/us/en/p/kallax-shelf-unit-white-80275887/,200,200,1906,True,True,"KALLAX shelf unit, white, 301/8x575/8""  - IKEA",,True,
zenrows,IKEA product page,https://www.ikea.com/us/en/p/kallax-shelf-unit-white-80275887/,200,200,1907,True,True,"KALLAX shelf unit, white, 301/8x575/8""  - IKEA",,True,
zenrows,TripAdvisor Paris restaurant listings,https://www.tripadvisor.com/Restaurants-g187147-Paris_Ile_de_France.html,200,200,3955,True,True,THE 10  BEST Restaurants in Paris (Updated August 2026),,True,
zenrows,TripAdvisor Paris restaurant listings,https://www.tripadvisor.com/Restaurants-g187147-Paris_Ile_de_France.html,200,200,6107,True,True,THE 10  BEST Restaurants in Paris (Updated August 2026),,True,
zenrows,TripAdvisor Paris restaurant listings,https://www.tripadvisor.com/Restaurants-g187147-Paris_Ile_de_France.html,200,200,6188,True,True,THE 10  BEST Restaurants in Paris (Updated August 2026),,True,
zenrows,TripAdvisor Paris restaurant listings,https://www.tripadvisor.com/Restaurants-g187147-Paris_Ile_de_France.html,200,200,4890,True,True,THE 10  BEST Restaurants in Paris (Updated August 2026),,True,
zenrows,TripAdvisor Paris restaurant listings,https://www.tripadvisor.com/Restaurants-g187147-Paris_Ile_de_France.html,200,200,5417,True,True,THE 10  BEST Restaurants in Paris (Updated August 2026),,True,
zenrows,TripAdvisor Paris restaurant listings,https://www.tripadvisor.com/Restaurants-g187147-Paris_Ile_de_France.html,200,200,4912,True,True,THE 10  BEST Restaurants in Paris (Updated August 2026),,True,
zenrows,TripAdvisor Paris restaurant listings,https://www.tripadvisor.com/Restaurants-g187147-Paris_Ile_de_France.html,200,200,4986,True,True,THE 10  BEST Restaurants in Paris (Updated August 2026),,True,
zenrows,TripAdvisor Paris restaurant listings,https://www.tripadvisor.com/Restaurants-g187147-Paris_Ile_de_France.html,200,200,5659,True,True,THE 10  BEST Restaurants in Paris (Updated August 2026),,True,
zenrows,TripAdvisor Paris restaurant listings,https://www.tripadvisor.com/Restaurants-g187147-Paris_Ile_de_France.html,200,200,5132,True,True,THE 10  BEST Restaurants in Paris (Updated August 2026),,True,
zenrows,TripAdvisor Paris restaurant listings,https://www.tripadvisor.com/Restaurants-g187147-Paris_Ile_de_France.html,200,200,4944,True,True,THE 10  BEST Restaurants in Paris (Updated August 2026),,True,
zenrows,TripAdvisor Paris restaurant listings,https://www.tripadvisor.com/Restaurants-g187147-Paris_Ile_de_France.html,200,200,4126,True,True,THE 10  BEST Restaurants in Paris (Updated August 2026),,True,
zenrows,TripAdvisor Paris restaurant listings,https://www.tripadvisor.com/Restaurants-g187147-Paris_Ile_de_France.html,200,200,3722,True,True,THE 10  BEST Restaurants in Paris (Updated August 2026),,True,
zenrows,TripAdvisor Paris restaurant listings,https://www.tripadvisor.com/Restaurants-g187147-Paris_Ile_de_France.html,200,200,5195,True,True,THE 10  BEST Restaurants in Paris (Updated August 2026),,True,
zenrows,TripAdvisor Paris restaurant listings,https://www.tripadvisor.com/Restaurants-g187147-Paris_Ile_de_France.html,200,200,5098,True,True,THE 10  BEST Restaurants in Paris (Updated August 2026),,True,
zenrows,TripAdvisor Paris restaurant listings,https://www.tripadvisor.com/Restaurants-g187147-Paris_Ile_de_France.html,200,200,4706,True,True,THE 10  BEST Restaurants in Paris (Updated August 2026),,True,
zenrows,TripAdvisor Paris restaurant listings,https://www.tripadvisor.com/Restaurants-g187147-Paris_Ile_de_France.html,200,200,6172,True,True,THE 10  BEST Restaurants in Paris (Updated August 2026),,True,
zenrows,TripAdvisor Paris restaurant listings,https://www.tripadvisor.com/Restaurants-g187147-Paris_Ile_de_France.html,200,200,3688,True,True,THE 10  BEST Restaurants in Paris (Updated August 2026),,True,
zenrows,TripAdvisor Paris restaurant listings,https://www.tripadvisor.com/Restaurants-g187147-Paris_Ile_de_France.html,200,200,4360,True,True,THE 10  BEST Restaurants in Paris (Updated August 2026),,True,
zenrows,TripAdvisor Paris restaurant listings,https://www.tripadvisor.com/Restaurants-g187147-Paris_Ile_de_France.html,200,200,3469,True,True,THE 10  BEST Restaurants in Paris (Updated August 2026),,True,
zenrows,TripAdvisor Paris restaurant listings,https://www.tripadvisor.com/Restaurants-g187147-Paris_Ile_de_France.html,200,200,3994,True,True,THE 10  BEST Restaurants in Paris (Updated August 2026),,True,
zenrows,TripAdvisor Paris restaurant listings,https://www.tripadvisor.com/Restaurants-g187147-Paris_Ile_de_France.html,200,200,4203,True,True,THE 10  BEST Restaurants in Paris (Updated August 2026),,True,
zenrows,TripAdvisor Paris restaurant listings,https://www.tripadvisor.com/Restaurants-g187147-Paris_Ile_de_France.html,200,200,5678,True,True,THE 10  BEST Restaurants in Paris (Updated August 2026),,True,
zenrows,TripAdvisor Paris restaurant listings,https://www.tripadvisor.com/Restaurants-g187147-Paris_Ile_de_France.html,200,200,5452,True,True,THE 10  BEST Restaurants in Paris (Updated August 2026),,True,
zenrows,TripAdvisor Paris restaurant listings,https://www.tripadvisor.com/Restaurants-g187147-Paris_Ile_de_France.html,200,200,4413,True,True,THE 10  BEST Restaurants in Paris (Updated August 2026),,True,
zenrows,TripAdvisor Paris restaurant listings,https://www.tripadvisor.com/Restaurants-g187147-Paris_Ile_de_France.html,200,200,4754,True,True,THE 10  BEST Restaurants in Paris (Updated August 2026),,True,
zenrows,TripAdvisor Paris restaurant listings,https://www.tripadvisor.com/Restaurants-g187147-Paris_Ile_de_France.html,200,200,4384,True,True,THE 10  BEST Restaurants in Paris (Updated August 2026),,True,
zenrows,TripAdvisor Paris restaurant listings,https://www.tripadvisor.com/Restaurants-g187147-Paris_Ile_de_France.html,200,200,4451,True,True,THE 10  BEST Restaurants in Paris (Updated August 2026),,True,
zenrows,TripAdvisor Paris restaurant listings,https://www.tripadvisor.com/Restaurants-g187147-Paris_Ile_de_France.html,200,200,6022,True,True,THE 10  BEST Restaurants in Paris (Updated August 2026),,True,
zenrows,TripAdvisor Paris restaurant listings,https://www.tripadvisor.com/Restaurants-g187147-Paris_Ile_de_France.html,200,200,5791,True,True,THE 10  BEST Restaurants in Paris (Updated August 2026),,True,
zenrows,TripAdvisor Paris restaurant listings,https://www.tripadvisor.com/Restaurants-g187147-Paris_Ile_de_France.html,200,200,5142,True,True,THE 10  BEST Restaurants in Paris (Updated August 2026),,True,
zenrows,TripAdvisor Paris restaurant listings,https://www.tripadvisor.com/Restaurants-g187147-Paris_Ile_de_France.html,200,200,5645,True,True,THE 10  BEST Restaurants in Paris (Updated August 2026),,True,
zenrows,TripAdvisor Paris restaurant listings,https://www.tripadvisor.com/Restaurants-g187147-Paris_Ile_de_France.html,200,200,4839,True,True,THE 10  BEST Restaurants in Paris (Updated August 2026),,True,
zenrows,TripAdvisor Paris restaurant listings,https://www.tripadvisor.com/Restaurants-g187147-Paris_Ile_de_France.html,200,200,8080,True,True,THE 10  BEST Restaurants in Paris (Updated August 2026),,True,
zenrows,TripAdvisor Paris restaurant listings,https://www.tripadvisor.com/Restaurants-g187147-Paris_Ile_de_France.html,200,200,3952,True,True,THE 10  BEST Restaurants in Paris (Updated August 2026),,True,
zenrows,TripAdvisor Paris restaurant listings,https://www.tripadvisor.com/Restaurants-g187147-Paris_Ile_de_France.html,200,200,3803,True,True,THE 10  BEST Restaurants in Paris (Updated August 2026),,True,
zenrows,TripAdvisor Paris restaurant listings,https://www.tripadvisor.com/Restaurants-g187147-Paris_Ile_de_France.html,200,200,3700,True,True,THE 10  BEST Restaurants in Paris (Updated August 2026),,True,
zenrows,TripAdvisor Paris restaurant listings,https://www.tripadvisor.com/Restaurants-g187147-Paris_Ile_de_France.html,200,200,5897,True,True,THE 10  BEST Restaurants in Paris (Updated August 2026),,True,
zenrows,TripAdvisor Paris restaurant listings,https://www.tripadvisor.com/Restaurants-g187147-Paris_Ile_de_France.html,200,200,3710,True,True,THE 10  BEST Restaurants in Paris (Updated August 2026),,True,
zenrows,TripAdvisor Paris restaurant listings,https://www.tripadvisor.com/Restaurants-g187147-Paris_Ile_de_France.html,200,200,4186,True,True,THE 10  BEST Restaurants in Paris (Updated August 2026),,True,
zenrows,TripAdvisor Paris restaurant listings,https://www.tripadvisor.com/Restaurants-g187147-Paris_Ile_de_France.html,200,200,3993,True,True,THE 10  BEST Restaurants in Paris (Updated August 2026),,True,
zenrows,TripAdvisor Paris restaurant listings,https://www.tripadvisor.com/Restaurants-g187147-Paris_Ile_de_France.html,200,200,4928,True,True,THE 10  BEST Restaurants in Paris (Updated August 2026),,True,
zenrows,TripAdvisor Paris restaurant listings,https://www.tripadvisor.com/Restaurants-g187147-Paris_Ile_de_France.html,200,200,3952,True,True,THE 10  BEST Restaurants in Paris (Updated August 2026),,True,
zenrows,TripAdvisor Paris restaurant listings,https://www.tripadvisor.com/Restaurants-g187147-Paris_Ile_de_France.html,200,200,4490,True,True,THE 10  BEST Restaurants in Paris (Updated August 2026),,True,
zenrows,TripAdvisor Paris restaurant listings,https://www.tripadvisor.com/Restaurants-g187147-Paris_Ile_de_France.html,200,200,4880,True,True,THE 10  BEST Restaurants in Paris (Updated August 2026),,True,
zenrows,TripAdvisor Paris restaurant listings,https://www.tripadvisor.com/Restaurants-g187147-Paris_Ile_de_France.html,200,200,5769,True,True,THE 10  BEST Restaurants in Paris (Updated August 2026),,True,
zenrows,TripAdvisor Paris restaurant listings,https://www.tripadvisor.com/Restaurants-g187147-Paris_Ile_de_France.html,200,200,49083,True,True,THE 10  BEST Restaurants in Paris (Updated August 2026),,True,
zenrows,TripAdvisor Paris restaurant listings,https://www.tripadvisor.com/Restaurants-g187147-Paris_Ile_de_France.html,200,200,4042,True,True,THE 10  BEST Restaurants in Paris (Updated August 2026),,True,
zenrows,TripAdvisor Paris restaurant listings,https://www.tripadvisor.com/Restaurants-g187147-Paris_Ile_de_France.html,200,200,4477,True,True,THE 10  BEST Restaurants in Paris (Updated August 2026),,True,
zenrows,TripAdvisor Paris restaurant listings,https://www.tripadvisor.com/Restaurants-g187147-Paris_Ile_de_France.html,200,200,3887,True,True,THE 10  BEST Restaurants in Paris (Updated August 2026),,True,
zenrows,TripAdvisor Paris restaurant listings,https://www.tripadvisor.com/Restaurants-g187147-Paris_Ile_de_France.html,200,200,4098,True,True,THE 10  BEST Restaurants in Paris (Updated August 2026),,True,
zenrows,TripAdvisor Paris restaurant listings,https://www.tripadvisor.com/Restaurants-g187147-Paris_Ile_de_France.html,200,200,3733,True,True,THE 10  BEST Restaurants in Paris (Updated August 2026),,True,
zenrows,TripAdvisor Paris restaurant listings,https://www.tripadvisor.com/Restaurants-g187147-Paris_Ile_de_France.html,200,200,3998,True,True,THE 10  BEST Restaurants in Paris (Updated August 2026),,True,
zenrows,TripAdvisor Paris restaurant listings,https://www.tripadvisor.com/Restaurants-g187147-Paris_Ile_de_France.html,200,200,4253,True,True,THE 10  BEST Restaurants in Paris (Updated August 2026),,True,
zenrows,TripAdvisor Paris restaurant listings,https://www.tripadvisor.com/Restaurants-g187147-Paris_Ile_de_France.html,200,200,4304,True,True,THE 10  BEST Restaurants in Paris (Updated August 2026),,True,
zenrows,TripAdvisor Paris restaurant listings,https://www.tripadvisor.com/Restaurants-g187147-Paris_Ile_de_France.html,200,200,5519,True,True,THE 10  BEST Restaurants in Paris (Updated August 2026),,True,
zenrows,TripAdvisor Paris restaurant listings,https://www.tripadvisor.com/Restaurants-g187147-Paris_Ile_de_France.html,200,200,5329,True,True,THE 10  BEST Restaurants in Paris (Updated August 2026),,True,
zenrows,TripAdvisor Paris restaurant listings,https://www.tripadvisor.com/Restaurants-g187147-Paris_Ile_de_France.html,200,200,5354,True,True,THE 10  BEST Restaurants in Paris (Updated August 2026),,True,
zenrows,TripAdvisor Paris restaurant listings,https://www.tripadvisor.com/Restaurants-g187147-Paris_Ile_de_France.html,200,200,3940,True,True,THE 10  BEST Restaurants in Paris (Updated August 2026),,True,
zenrows,TripAdvisor Paris restaurant listings,https://www.tripadvisor.com/Restaurants-g187147-Paris_Ile_de_France.html,200,200,4254,True,True,THE 10  BEST Restaurants in Paris (Updated August 2026),,True,
zenrows,TripAdvisor Paris restaurant listings,https://www.tripadvisor.com/Restaurants-g187147-Paris_Ile_de_France.html,200,200,4231,True,True,THE 10  BEST Restaurants in Paris (Updated August 2026),,True,
zenrows,TripAdvisor Paris restaurant listings,https://www.tripadvisor.com/Restaurants-g187147-Paris_Ile_de_France.html,200,200,4451,True,True,THE 10  BEST Restaurants in Paris (Updated August 2026),,True,
zenrows,TripAdvisor Paris restaurant listings,https://www.tripadvisor.com/Restaurants-g187147-Paris_Ile_de_France.html,200,200,5800,True,True,THE 10  BEST Restaurants in Paris (Updated August 2026),,True,
zenrows,TripAdvisor Paris restaurant listings,https://www.tripadvisor.com/Restaurants-g187147-Paris_Ile_de_France.html,200,200,5511,True,True,THE 10  BEST Restaurants in Paris (Updated August 2026),,True,
zenrows,TripAdvisor Paris restaurant listings,https://www.tripadvisor.com/Restaurants-g187147-Paris_Ile_de_France.html,200,200,3780,True,True,THE 10  BEST Restaurants in Paris (Updated August 2026),,True,
zenrows,TripAdvisor Paris restaurant listings,https://www.tripadvisor.com/Restaurants-g187147-Paris_Ile_de_France.html,200,200,48608,True,True,THE 10  BEST Restaurants in Paris (Updated August 2026),,True,
zenrows,TripAdvisor Paris restaurant listings,https://www.tripadvisor.com/Restaurants-g187147-Paris_Ile_de_France.html,200,200,5061,True,True,THE 10  BEST Restaurants in Paris (Updated August 2026),,True,
zenrows,TripAdvisor Paris restaurant listings,https://www.tripadvisor.com/Restaurants-g187147-Paris_Ile_de_France.html,200,200,4225,True,True,THE 10  BEST Restaurants in Paris (Updated August 2026),,True,
zenrows,TripAdvisor Paris restaurant listings,https://www.tripadvisor.com/Restaurants-g187147-Paris_Ile_de_France.html,200,200,5564,True,True,THE 10  BEST Restaurants in Paris (Updated August 2026),,True,
zenrows,TripAdvisor Paris restaurant listings,https://www.tripadvisor.com/Restaurants-g187147-Paris_Ile_de_France.html,200,200,4040,True,True,THE 10  BEST Restaurants in Paris (Updated August 2026),,True,
zenrows,TripAdvisor Paris restaurant listings,https://www.tripadvisor.com/Restaurants-g187147-Paris_Ile_de_France.html,200,200,4161,True,True,THE 10  BEST Restaurants in Paris (Updated August 2026),,True,
zenrows,TripAdvisor Paris restaurant listings,https://www.tripadvisor.com/Restaurants-g187147-Paris_Ile_de_France.html,200,200,3748,True,True,THE 10  BEST Restaurants in Paris (Updated August 2026),,True,
zenrows,TripAdvisor Paris restaurant listings,https://www.tripadvisor.com/Restaurants-g187147-Paris_Ile_de_France.html,200,200,4874,True,True,THE 10  BEST Restaurants in Paris (Updated August 2026),,True,
zenrows,TripAdvisor Paris restaurant listings,https://www.tripadvisor.com/Restaurants-g187147-Paris_Ile_de_France.html,200,200,3711,True,True,THE 10  BEST Restaurants in Paris (Updated August 2026),,True,
zenrows,TripAdvisor Paris restaurant listings,https://www.tripadvisor.com/Restaurants-g187147-Paris_Ile_de_France.html,200,200,3949,True,True,THE 10  BEST Restaurants in Paris (Updated August 2026),,True,
zenrows,TripAdvisor Paris restaurant listings,https://www.tripadvisor.com/Restaurants-g187147-Paris_Ile_de_France.html,200,200,4301,True,True,THE 10  BEST Restaurants in Paris (Updated August 2026),,True,
zenrows,TripAdvisor Paris restaurant listings,https://www.tripadvisor.com/Restaurants-g187147-Paris_Ile_de_France.html,200,200,3716,True,True,THE 10  BEST Restaurants in Paris (Updated August 2026),,True,
zenrows,TripAdvisor Paris restaurant listings,https://www.tripadvisor.com/Restaurants-g187147-Paris_Ile_de_France.html,200,200,3694,True,True,THE 10  BEST Restaurants in Paris (Updated August 2026),,True,
zenrows,TripAdvisor Paris restaurant listings,https://www.tripadvisor.com/Restaurants-g187147-Paris_Ile_de_France.html,200,200,4547,True,True,THE 10  BEST Restaurants in Paris (Updated August 2026),,True,
zenrows,TripAdvisor Paris restaurant listings,https://www.tripadvisor.com/Restaurants-g187147-Paris_Ile_de_France.html,200,200,4376,True,True,THE 10  BEST Restaurants in Paris (Updated August 2026),,True,
zenrows,TripAdvisor Paris restaurant listings,https://www.tripadvisor.com/Restaurants-g187147-Paris_Ile_de_France.html,200,200,3741,True,True,THE 10  BEST Restaurants in Paris (Updated August 2026),,True,
zenrows,TripAdvisor Paris restaurant listings,https://www.tripadvisor.com/Restaurants-g187147-Paris_Ile_de_France.html,200,200,4608,True,True,THE 10  BEST Restaurants in Paris (Updated August 2026),,True,
zenrows,TripAdvisor Paris restaurant listings,https://www.tripadvisor.com/Restaurants-g187147-Paris_Ile_de_France.html,200,200,5075,True,True,THE 10  BEST Restaurants in Paris (Updated August 2026),,True,
zenrows,TripAdvisor Paris restaurant listings,https://www.tripadvisor.com/Restaurants-g187147-Paris_Ile_de_France.html,200,200,6683,True,True,THE 10  BEST Restaurants in Paris (Updated August 2026),,True,
zenrows,TripAdvisor Paris restaurant listings,https://www.tripadvisor.com/Restaurants-g187147-Paris_Ile_de_France.html,200,200,5353,True,True,THE 10  BEST Restaurants in Paris (Updated August 2026),,True,
zenrows,TripAdvisor Paris restaurant listings,https://www.tripadvisor.com/Restaurants-g187147-Paris_Ile_de_France.html,200,200,3963,True,True,THE 10  BEST Restaurants in Paris (Updated August 2026),,True,
zenrows,TripAdvisor Paris restaurant listings,https://www.tripadvisor.com/Restaurants-g187147-Paris_Ile_de_France.html,200,200,5368,True,True,THE 10  BEST Restaurants in Paris (Updated August 2026),,True,
zenrows,TripAdvisor Paris restaurant listings,https://www.tripadvisor.com/Restaurants-g187147-Paris_Ile_de_France.html,200,200,3610,True,True,THE 10  BEST Restaurants in Paris (Updated August 2026),,True,
zenrows,TripAdvisor Paris restaurant listings,https://www.tripadvisor.com/Restaurants-g187147-Paris_Ile_de_France.html,200,200,4757,True,True,THE 10  BEST Restaurants in Paris (Updated August 2026),,True,
zenrows,TripAdvisor Paris restaurant listings,https://www.tripadvisor.com/Restaurants-g187147-Paris_Ile_de_France.html,200,200,5263,True,True,THE 10  BEST Restaurants in Paris (Updated August 2026),,True,
zenrows,TripAdvisor Paris restaurant listings,https://www.tripadvisor.com/Restaurants-g187147-Paris_Ile_de_France.html,200,200,6581,True,True,THE 10  BEST Restaurants in Paris (Updated August 2026),,True,
zenrows,TripAdvisor Paris restaurant listings,https://www.tripadvisor.com/Restaurants-g187147-Paris_Ile_de_France.html,200,200,5881,True,True,THE 10  BEST Restaurants in Paris (Updated August 2026),,True,
zenrows,TripAdvisor Paris restaurant listings,https://www.tripadvisor.com/Restaurants-g187147-Paris_Ile_de_France.html,200,200,4515,True,True,THE 10  BEST Restaurants in Paris (Updated August 2026),,True,
zenrows,TripAdvisor Paris restaurant listings,https://www.tripadvisor.com/Restaurants-g187147-Paris_Ile_de_France.html,200,200,5472,True,True,THE 10  BEST Restaurants in Paris (Updated August 2026),,True,
zenrows,TripAdvisor Paris restaurant listings,https://www.tripadvisor.com/Restaurants-g187147-Paris_Ile_de_France.html,200,200,4102,True,True,THE 10  BEST Restaurants in Paris (Updated August 2026),,True,
zenrows,TripAdvisor Paris restaurant listings,https://www.tripadvisor.com/Restaurants-g187147-Paris_Ile_de_France.html,200,200,6800,True,True,THE 10  BEST Restaurants in Paris (Updated August 2026),,True,
zenrows,TripAdvisor Paris restaurant listings,https://www.tripadvisor.com/Restaurants-g187147-Paris_Ile_de_France.html,200,200,5488,True,True,THE 10  BEST Restaurants in Paris (Updated August 2026),,True,
zenrows,TripAdvisor Paris restaurant listings,https://www.tripadvisor.com/Restaurants-g187147-Paris_Ile_de_France.html,200,200,4591,True,True,THE 10  BEST Restaurants in Paris (Updated August 2026),,True,
zenrows,TripAdvisor Paris restaurant listings,https://www.tripadvisor.com/Restaurants-g187147-Paris_Ile_de_France.html,200,200,4391,True,True,THE 10  BEST Restaurants in Paris (Updated August 2026),,True,
zenrows,TripAdvisor Paris restaurant listings,https://www.tripadvisor.com/Restaurants-g187147-Paris_Ile_de_France.html,200,200,3970,True,True,THE 10  BEST Restaurants in Paris (Updated August 2026),,True,
zenrows,TripAdvisor Paris restaurant listings,https://www.tripadvisor.com/Restaurants-g187147-Paris_Ile_de_France.html,200,200,4880,True,True,THE 10  BEST Restaurants in Paris (Updated August 2026),,True,
zenrows,Walmart AirPod product page,https://www.walmart.com/ip/AirPods-Pro-2nd-generation-with-MagSafe-Case-USB-C/5689919121,200,200,5134,True,True,"Apple, Wireless Earbuds, AirPods Pro 2, Active Noise Cancellation - Walmart.com",,True,
zenrows,Walmart AirPod product page,https://www.walmart.com/ip/AirPods-Pro-2nd-generation-with-MagSafe-Case-USB-C/5689919121,200,200,3147,True,True,"Apple, Wireless Earbuds, AirPods Pro 2, Active Noise Cancellation - Walmart.com",,True,
zenrows,Walmart AirPod product page,https://www.walmart.com/ip/AirPods-Pro-2nd-generation-with-MagSafe-Case-USB-C/5689919121,200,200,5591,True,True,"Apple, Wireless Earbuds, AirPods Pro 2, Active Noise Cancellation - Walmart.com",,True,
zenrows,Walmart AirPod product page,https://www.walmart.com/ip/AirPods-Pro-2nd-generation-with-MagSafe-Case-USB-C/5689919121,200,200,4148,True,True,"Apple, Wireless Earbuds, AirPods Pro 2, Active Noise Cancellation - Walmart.com",,True,
zenrows,Walmart AirPod product page,https://www.walmart.com/ip/AirPods-Pro-2nd-generation-with-MagSafe-Case-USB-C/5689919121,200,200,5102,True,True,"Apple, Wireless Earbuds, AirPods Pro 2, Active Noise Cancellation - Walmart.com",,True,
zenrows,Walmart AirPod product page,https://www.walmart.com/ip/AirPods-Pro-2nd-generation-with-MagSafe-Case-USB-C/5689919121,200,200,3768,True,True,"Apple, Wireless Earbuds, AirPods Pro 2, Active Noise Cancellation - Walmart.com",,True,
zenrows,Walmart AirPod product page,https://www.walmart.com/ip/AirPods-Pro-2nd-generation-with-MagSafe-Case-USB-C/5689919121,200,200,3431,True,True,"Apple, Wireless Earbuds, AirPods Pro 2, Active Noise Cancellation - Walmart.com",,True,
zenrows,Walmart AirPod product page,https://www.walmart.com/ip/AirPods-Pro-2nd-generation-with-MagSafe-Case-USB-C/5689919121,200,200,5047,True,True,"Apple, Wireless Earbuds, AirPods Pro 2, Active Noise Cancellation - Walmart.com",,True,
zenrows,Walmart AirPod product page,https://www.walmart.com/ip/AirPods-Pro-2nd-generation-with-MagSafe-Case-USB-C/5689919121,200,200,4480,True,True,"Apple, Wireless Earbuds, AirPods Pro 2, Active Noise Cancellation - Walmart.com",,True,
zenrows,Walmart AirPod product page,https://www.walmart.com/ip/AirPods-Pro-2nd-generation-with-MagSafe-Case-USB-C/5689919121,200,200,3469,True,True,"Apple, Wireless Earbuds, AirPods Pro 2, Active Noise Cancellation - Walmart.com",,True,
zenrows,Walmart AirPod product page,https://www.walmart.com/ip/AirPods-Pro-2nd-generation-with-MagSafe-Case-USB-C/5689919121,200,200,3388,True,True,"Apple, Wireless Earbuds, AirPods Pro 2, Active Noise Cancellation - Walmart.com",,True,
zenrows,Walmart AirPod product page,https://www.walmart.com/ip/AirPods-Pro-2nd-generation-with-MagSafe-Case-USB-C/5689919121,200,200,3509,True,True,"Apple, Wireless Earbuds, AirPods Pro 2, Active Noise Cancellation - Walmart.com",,True,
zenrows,Walmart AirPod product page,https://www.walmart.com/ip/AirPods-Pro-2nd-generation-with-MagSafe-Case-USB-C/5689919121,200,200,3297,True,True,"Apple, Wireless Earbuds, AirPods Pro 2, Active Noise Cancellation - Walmart.com",,True,
zenrows,Walmart AirPod product page,https://www.walmart.com/ip/AirPods-Pro-2nd-generation-with-MagSafe-Case-USB-C/5689919121,200,200,4404,True,True,"Apple, Wireless Earbuds, AirPods Pro 2, Active Noise Cancellation - Walmart.com",,True,
zenrows,Walmart AirPod product page,https://www.walmart.com/ip/AirPods-Pro-2nd-generation-with-MagSafe-Case-USB-C/5689919121,200,200,3480,True,True,"Apple, Wireless Earbuds, AirPods Pro 2, Active Noise Cancellation - Walmart.com",,True,
zenrows,Walmart AirPod product page,https://www.walmart.com/ip/AirPods-Pro-2nd-generation-with-MagSafe-Case-USB-C/5689919121,200,200,3358,True,True,"Apple, Wireless Earbuds, AirPods Pro 2, Active Noise Cancellation - Walmart.com",,True,
zenrows,Walmart AirPod product page,https://www.walmart.com/ip/AirPods-Pro-2nd-generation-with-MagSafe-Case-USB-C/5689919121,200,200,6199,True,True,"Apple, Wireless Earbuds, AirPods Pro 2, Active Noise Cancellation - Walmart.com",,True,
zenrows,Walmart AirPod product page,https://www.walmart.com/ip/AirPods-Pro-2nd-generation-with-MagSafe-Case-USB-C/5689919121,200,200,3684,True,True,"Apple, Wireless Earbuds, AirPods Pro 2, Active Noise Cancellation - Walmart.com",,True,
zenrows,Walmart AirPod product page,https://www.walmart.com/ip/AirPods-Pro-2nd-generation-with-MagSafe-Case-USB-C/5689919121,200,200,4071,True,True,"Apple, Wireless Earbuds, AirPods Pro 2, Active Noise Cancellation - Walmart.com",,True,
zenrows,Walmart AirPod product page,https://www.walmart.com/ip/AirPods-Pro-2nd-generation-with-MagSafe-Case-USB-C/5689919121,200,200,4170,True,True,"Apple, Wireless Earbuds, AirPods Pro 2, Active Noise Cancellation - Walmart.com",,True,
zenrows,Walmart AirPod product page,https://www.walmart.com/ip/AirPods-Pro-2nd-generation-with-MagSafe-Case-USB-C/5689919121,200,200,3292,True,True,"Apple, Wireless Earbuds, AirPods Pro 2, Active Noise Cancellation - Walmart.com",,True,
zenrows,Walmart AirPod product page,https://www.walmart.com/ip/AirPods-Pro-2nd-generation-with-MagSafe-Case-USB-C/5689919121,200,200,6001,True,True,"Apple, Wireless Earbuds, AirPods Pro 2, Active Noise Cancellation - Walmart.com",,True,
zenrows,Walmart AirPod product page,https://www.walmart.com/ip/AirPods-Pro-2nd-generation-with-MagSafe-Case-USB-C/5689919121,200,200,5053,True,True,"Apple, Wireless Earbuds, AirPods Pro 2, Active Noise Cancellation - Walmart.com",,True,
zenrows,Walmart AirPod product page,https://www.walmart.com/ip/AirPods-Pro-2nd-generation-with-MagSafe-Case-USB-C/5689919121,200,200,3880,True,True,"Apple, Wireless Earbuds, AirPods Pro 2, Active Noise Cancellation - Walmart.com",,True,
zenrows,Walmart AirPod product page,https://www.walmart.com/ip/AirPods-Pro-2nd-generation-with-MagSafe-Case-USB-C/5689919121,200,200,3886,True,True,"Apple, Wireless Earbuds, AirPods Pro 2, Active Noise Cancellation - Walmart.com",,True,
zenrows,Walmart AirPod product page,https://www.walmart.com/ip/AirPods-Pro-2nd-generation-with-MagSafe-Case-USB-C/5689919121,200,200,3643,True,True,"Apple, Wireless Earbuds, AirPods Pro 2, Active Noise Cancellation - Walmart.com",,True,
zenrows,Walmart AirPod product page,https://www.walmart.com/ip/AirPods-Pro-2nd-generation-with-MagSafe-Case-USB-C/5689919121,200,200,7702,True,True,"Apple, Wireless Earbuds, AirPods Pro 2, Active Noise Cancellation - Walmart.com",,True,
zenrows,Walmart AirPod product page,https://www.walmart.com/ip/AirPods-Pro-2nd-generation-with-MagSafe-Case-USB-C/5689919121,200,200,11433,True,True,"Apple, Wireless Earbuds, AirPods Pro 2, Active Noise Cancellation - Walmart.com",,True,
zenrows,Walmart AirPod product page,https://www.walmart.com/ip/AirPods-Pro-2nd-generation-with-MagSafe-Case-USB-C/5689919121,200,200,3498,True,True,"Apple, Wireless Earbuds, AirPods Pro 2, Active Noise Cancellation - Walmart.com",,True,
zenrows,Walmart AirPod product page,https://www.walmart.com/ip/AirPods-Pro-2nd-generation-with-MagSafe-Case-USB-C/5689919121,200,200,5015,True,True,"Apple, Wireless Earbuds, AirPods Pro 2, Active Noise Cancellation - Walmart.com",,True,
zenrows,Walmart AirPod product page,https://www.walmart.com/ip/AirPods-Pro-2nd-generation-with-MagSafe-Case-USB-C/5689919121,200,200,4586,True,True,"Apple, Wireless Earbuds, AirPods Pro 2, Active Noise Cancellation - Walmart.com",,True,
zenrows,Walmart AirPod product page,https://www.walmart.com/ip/AirPods-Pro-2nd-generation-with-MagSafe-Case-USB-C/5689919121,200,200,4449,True,True,"Apple, Wireless Earbuds, AirPods Pro 2, Active Noise Cancellation - Walmart.com",,True,
zenrows,Walmart AirPod product page,https://www.walmart.com/ip/AirPods-Pro-2nd-generation-with-MagSafe-Case-USB-C/5689919121,200,200,10930,True,True,"Apple, Wireless Earbuds, AirPods Pro 2, Active Noise Cancellation - Walmart.com",,True,
zenrows,Walmart AirPod product page,https://www.walmart.com/ip/AirPods-Pro-2nd-generation-with-MagSafe-Case-USB-C/5689919121,200,200,5004,True,True,"Apple, Wireless Earbuds, AirPods Pro 2, Active Noise Cancellation - Walmart.com",,True,
zenrows,Walmart AirPod product page,https://www.walmart.com/ip/AirPods-Pro-2nd-generation-with-MagSafe-Case-USB-C/5689919121,200,200,9324,True,True,"Apple, Wireless Earbuds, AirPods Pro 2, Active Noise Cancellation - Walmart.com",,True,
zenrows,Walmart AirPod product page,https://www.walmart.com/ip/AirPods-Pro-2nd-generation-with-MagSafe-Case-USB-C/5689919121,200,200,5740,True,True,"Apple, Wireless Earbuds, AirPods Pro 2, Active Noise Cancellation - Walmart.com",,True,
zenrows,Walmart AirPod product page,https://www.walmart.com/ip/AirPods-Pro-2nd-generation-with-MagSafe-Case-USB-C/5689919121,200,200,3356,True,True,"Apple, Wireless Earbuds, AirPods Pro 2, Active Noise Cancellation - Walmart.com",,True,
zenrows,Walmart AirPod product page,https://www.walmart.com/ip/AirPods-Pro-2nd-generation-with-MagSafe-Case-USB-C/5689919121,200,200,5249,True,True,"Apple, Wireless Earbuds, AirPods Pro 2, Active Noise Cancellation - Walmart.com",,True,
zenrows,Walmart AirPod product page,https://www.walmart.com/ip/AirPods-Pro-2nd-generation-with-MagSafe-Case-USB-C/5689919121,200,200,6892,True,True,"Apple, Wireless Earbuds, AirPods Pro 2, Active Noise Cancellation - Walmart.com",,True,
zenrows,Walmart AirPod product page,https://www.walmart.com/ip/AirPods-Pro-2nd-generation-with-MagSafe-Case-USB-C/5689919121,200,200,9050,True,True,"Apple, Wireless Earbuds, AirPods Pro 2, Active Noise Cancellation - Walmart.com",,True,
zenrows,Walmart AirPod product page,https://www.walmart.com/ip/AirPods-Pro-2nd-generation-with-MagSafe-Case-USB-C/5689919121,200,200,11193,True,True,"Apple, Wireless Earbuds, AirPods Pro 2, Active Noise Cancellation - Walmart.com",,True,
zenrows,Walmart AirPod product page,https://www.walmart.com/ip/AirPods-Pro-2nd-generation-with-MagSafe-Case-USB-C/5689919121,200,200,3508,True,True,"Apple, Wireless Earbuds, AirPods Pro 2, Active Noise Cancellation - Walmart.com",,True,
zenrows,Walmart AirPod product page,https://www.walmart.com/ip/AirPods-Pro-2nd-generation-with-MagSafe-Case-USB-C/5689919121,200,200,4193,True,True,"Apple, Wireless Earbuds, AirPods Pro 2, Active Noise Cancellation - Walmart.com",,True,
zenrows,Walmart AirPod product page,https://www.walmart.com/ip/AirPods-Pro-2nd-generation-with-MagSafe-Case-USB-C/5689919121,200,200,4988,True,True,"Apple, Wireless Earbuds, AirPods Pro 2, Active Noise Cancellation - Walmart.com",,True,
zenrows,Walmart AirPod product page,https://www.walmart.com/ip/AirPods-Pro-2nd-generation-with-MagSafe-Case-USB-C/5689919121,200,200,3519,True,True,"Apple, Wireless Earbuds, AirPods Pro 2, Active Noise Cancellation - Walmart.com",,True,
zenrows,Walmart AirPod product page,https://www.walmart.com/ip/AirPods-Pro-2nd-generation-with-MagSafe-Case-USB-C/5689919121,200,200,7474,True,True,"Apple, Wireless Earbuds, AirPods Pro 2, Active Noise Cancellation - Walmart.com",,True,
zenrows,Walmart AirPod product page,https://www.walmart.com/ip/AirPods-Pro-2nd-generation-with-MagSafe-Case-USB-C/5689919121,200,200,6048,True,True,"Apple, Wireless Earbuds, AirPods Pro 2, Active Noise Cancellation - Walmart.com",,True,
zenrows,Walmart AirPod product page,https://www.walmart.com/ip/AirPods-Pro-2nd-generation-with-MagSafe-Case-USB-C/5689919121,200,200,3044,True,True,"Apple, Wireless Earbuds, AirPods Pro 2, Active Noise Cancellation - Walmart.com",,True,
zenrows,Walmart AirPod product page,https://www.walmart.com/ip/AirPods-Pro-2nd-generation-with-MagSafe-Case-USB-C/5689919121,200,200,5373,True,True,"Apple, Wireless Earbuds, AirPods Pro 2, Active Noise Cancellation - Walmart.com",,True,
zenrows,Walmart AirPod product page,https://www.walmart.com/ip/AirPods-Pro-2nd-generation-with-MagSafe-Case-USB-C/5689919121,200,200,2689,True,True,"Apple, Wireless Earbuds, AirPods Pro 2, Active Noise Cancellation - Walmart.com",,True,
zenrows,Walmart AirPod product page,https://www.walmart.com/ip/AirPods-Pro-2nd-generation-with-MagSafe-Case-USB-C/5689919121,200,200,4326,True,True,"Apple, Wireless Earbuds, AirPods Pro 2, Active Noise Cancellation - Walmart.com",,True,
zenrows,Walmart AirPod product page,https://www.walmart.com/ip/AirPods-Pro-2nd-generation-with-MagSafe-Case-USB-C/5689919121,200,200,6890,True,True,"Apple, Wireless Earbuds, AirPods Pro 2, Active Noise Cancellation - Walmart.com",,True,
zenrows,Walmart AirPod product page,https://www.walmart.com/ip/AirPods-Pro-2nd-generation-with-MagSafe-Case-USB-C/5689919121,200,200,4177,True,True,"Apple, Wireless Earbuds, AirPods Pro 2, Active Noise Cancellation - Walmart.com",,True,
zenrows,Walmart AirPod product page,https://www.walmart.com/ip/AirPods-Pro-2nd-generation-with-MagSafe-Case-USB-C/5689919121,200,200,4119,True,True,"Apple, Wireless Earbuds, AirPods Pro 2, Active Noise Cancellation - Walmart.com",,True,
zenrows,Walmart AirPod product page,https://www.walmart.com/ip/AirPods-Pro-2nd-generation-with-MagSafe-Case-USB-C/5689919121,200,200,3106,True,True,"Apple, Wireless Earbuds, AirPods Pro 2, Active Noise Cancellation - Walmart.com",,True,
zenrows,Walmart AirPod product page,https://www.walmart.com/ip/AirPods-Pro-2nd-generation-with-MagSafe-Case-USB-C/5689919121,200,200,3406,True,True,"Apple, Wireless Earbuds, AirPods Pro 2, Active Noise Cancellation - Walmart.com",,True,
zenrows,Walmart AirPod product page,https://www.walmart.com/ip/AirPods-Pro-2nd-generation-with-MagSafe-Case-USB-C/5689919121,200,200,4281,True,True,"Apple, Wireless Earbuds, AirPods Pro 2, Active Noise Cancellation - Walmart.com",,True,
zenrows,Walmart AirPod product page,https://www.walmart.com/ip/AirPods-Pro-2nd-generation-with-MagSafe-Case-USB-C/5689919121,200,200,3092,True,True,"Apple, Wireless Earbuds, AirPods Pro 2, Active Noise Cancellation - Walmart.com",,True,
zenrows,Walmart AirPod product page,https://www.walmart.com/ip/AirPods-Pro-2nd-generation-with-MagSafe-Case-USB-C/5689919121,200,200,4691,True,True,"Apple, Wireless Earbuds, AirPods Pro 2, Active Noise Cancellation - Walmart.com",,True,
zenrows,Walmart AirPod product page,https://www.walmart.com/ip/AirPods-Pro-2nd-generation-with-MagSafe-Case-USB-C/5689919121,200,200,4884,True,True,"Apple, Wireless Earbuds, AirPods Pro 2, Active Noise Cancellation - Walmart.com",,True,
zenrows,Walmart AirPod product page,https://www.walmart.com/ip/AirPods-Pro-2nd-generation-with-MagSafe-Case-USB-C/5689919121,200,200,4137,True,True,"Apple, Wireless Earbuds, AirPods Pro 2, Active Noise Cancellation - Walmart.com",,True,
zenrows,Walmart AirPod product page,https://www.walmart.com/ip/AirPods-Pro-2nd-generation-with-MagSafe-Case-USB-C/5689919121,200,200,3332,True,True,"Apple, Wireless Earbuds, AirPods Pro 2, Active Noise Cancellation - Walmart.com",,True,
zenrows,Walmart AirPod product page,https://www.walmart.com/ip/AirPods-Pro-2nd-generation-with-MagSafe-Case-USB-C/5689919121,200,200,2921,True,True,"Apple, Wireless Earbuds, AirPods Pro 2, Active Noise Cancellation - Walmart.com",,True,
zenrows,Walmart AirPod product page,https://www.walmart.com/ip/AirPods-Pro-2nd-generation-with-MagSafe-Case-USB-C/5689919121,200,200,5439,True,True,"Apple, Wireless Earbuds, AirPods Pro 2, Active Noise Cancellation - Walmart.com",,True,
zenrows,Walmart AirPod product page,https://www.walmart.com/ip/AirPods-Pro-2nd-generation-with-MagSafe-Case-USB-C/5689919121,200,200,3195,True,True,"Apple, Wireless Earbuds, AirPods Pro 2, Active Noise Cancellation - Walmart.com",,True,
zenrows,Walmart AirPod product page,https://www.walmart.com/ip/AirPods-Pro-2nd-generation-with-MagSafe-Case-USB-C/5689919121,200,200,2529,True,True,"Apple, Wireless Earbuds, AirPods Pro 2, Active Noise Cancellation - Walmart.com",,True,
zenrows,Walmart AirPod product page,https://www.walmart.com/ip/AirPods-Pro-2nd-generation-with-MagSafe-Case-USB-C/5689919121,200,200,5857,True,True,"Apple, Wireless Earbuds, AirPods Pro 2, Active Noise Cancellation - Walmart.com",,True,
zenrows,Walmart AirPod product page,https://www.walmart.com/ip/AirPods-Pro-2nd-generation-with-MagSafe-Case-USB-C/5689919121,200,200,3290,True,True,"Apple, Wireless Earbuds, AirPods Pro 2, Active Noise Cancellation - Walmart.com",,True,
zenrows,Walmart AirPod product page,https://www.walmart.com/ip/AirPods-Pro-2nd-generation-with-MagSafe-Case-USB-C/5689919121,200,200,3235,True,True,"Apple, Wireless Earbuds, AirPods Pro 2, Active Noise Cancellation - Walmart.com",,True,
zenrows,Walmart AirPod product page,https://www.walmart.com/ip/AirPods-Pro-2nd-generation-with-MagSafe-Case-USB-C/5689919121,200,200,2852,True,True,"Apple, Wireless Earbuds, AirPods Pro 2, Active Noise Cancellation - Walmart.com",,True,
zenrows,Walmart AirPod product page,https://www.walmart.com/ip/AirPods-Pro-2nd-generation-with-MagSafe-Case-USB-C/5689919121,200,200,9009,True,True,"Apple, Wireless Earbuds, AirPods Pro 2, Active Noise Cancellation - Walmart.com",,True,
zenrows,Walmart AirPod product page,https://www.walmart.com/ip/AirPods-Pro-2nd-generation-with-MagSafe-Case-USB-C/5689919121,200,200,5078,True,True,"Apple, Wireless Earbuds, AirPods Pro 2, Active Noise Cancellation - Walmart.com",,True,
zenrows,Walmart AirPod product page,https://www.walmart.com/ip/AirPods-Pro-2nd-generation-with-MagSafe-Case-USB-C/5689919121,200,200,3460,True,True,"Apple, Wireless Earbuds, AirPods Pro 2, Active Noise Cancellation - Walmart.com",,True,
zenrows,Walmart AirPod product page,https://www.walmart.com/ip/AirPods-Pro-2nd-generation-with-MagSafe-Case-USB-C/5689919121,200,200,2683,True,True,"Apple, Wireless Earbuds, AirPods Pro 2, Active Noise Cancellation - Walmart.com",,True,
zenrows,Walmart AirPod product page,https://www.walmart.com/ip/AirPods-Pro-2nd-generation-with-MagSafe-Case-USB-C/5689919121,200,200,4499,True,True,"Apple, Wireless Earbuds, AirPods Pro 2, Active Noise Cancellation - Walmart.com",,True,
zenrows,Walmart AirPod product page,https://www.walmart.com/ip/AirPods-Pro-2nd-generation-with-MagSafe-Case-USB-C/5689919121,200,200,2702,True,True,"Apple, Wireless Earbuds, AirPods Pro 2, Active Noise Cancellation - Walmart.com",,True,
zenrows,Walmart AirPod product page,https://www.walmart.com/ip/AirPods-Pro-2nd-generation-with-MagSafe-Case-USB-C/5689919121,200,200,6805,True,True,"Apple, Wireless Earbuds, AirPods Pro 2, Active Noise Cancellation - Walmart.com",,True,
zenrows,Walmart AirPod product page,https://www.walmart.com/ip/AirPods-Pro-2nd-generation-with-MagSafe-Case-USB-C/5689919121,200,200,4108,True,True,"Apple, Wireless Earbuds, AirPods Pro 2, Active Noise Cancellation - Walmart.com",,True,
zenrows,Walmart AirPod product page,https://www.walmart.com/ip/AirPods-Pro-2nd-generation-with-MagSafe-Case-USB-C/5689919121,200,200,4478,True,True,"Apple, Wireless Earbuds, AirPods Pro 2, Active Noise Cancellation - Walmart.com",,True,
zenrows,Walmart AirPod product page,https://www.walmart.com/ip/AirPods-Pro-2nd-generation-with-MagSafe-Case-USB-C/5689919121,200,200,3526,True,True,"Apple, Wireless Earbuds, AirPods Pro 2, Active Noise Cancellation - Walmart.com",,True,
zenrows,Walmart AirPod product page,https://www.walmart.com/ip/AirPods-Pro-2nd-generation-with-MagSafe-Case-USB-C/5689919121,200,200,3389,True,True,"Apple, Wireless Earbuds, AirPods Pro 2, Active Noise Cancellation - Walmart.com",,True,
zenrows,Walmart AirPod product page,https://www.walmart.com/ip/AirPods-Pro-2nd-generation-with-MagSafe-Case-USB-C/5689919121,200,200,3791,True,True,"Apple, Wireless Earbuds, AirPods Pro 2, Active Noise Cancellation - Walmart.com",,True,
zenrows,Walmart AirPod product page,https://www.walmart.com/ip/AirPods-Pro-2nd-generation-with-MagSafe-Case-USB-C/5689919121,200,200,3485,True,True,"Apple, Wireless Earbuds, AirPods Pro 2, Active Noise Cancellation - Walmart.com",,True,
zenrows,Walmart AirPod product page,https://www.walmart.com/ip/AirPods-Pro-2nd-generation-with-MagSafe-Case-USB-C/5689919121,200,200,3589,True,True,"Apple, Wireless Earbuds, AirPods Pro 2, Active Noise Cancellation - Walmart.com",,True,
zenrows,Walmart AirPod product page,https://www.walmart.com/ip/AirPods-Pro-2nd-generation-with-MagSafe-Case-USB-C/5689919121,200,200,3711,True,True,"Apple, Wireless Earbuds, AirPods Pro 2, Active Noise Cancellation - Walmart.com",,True,
zenrows,Walmart AirPod product page,https://www.walmart.com/ip/AirPods-Pro-2nd-generation-with-MagSafe-Case-USB-C/5689919121,200,200,4044,True,True,"Apple, Wireless Earbuds, AirPods Pro 2, Active Noise Cancellation - Walmart.com",,True,
zenrows,Walmart AirPod product page,https://www.walmart.com/ip/AirPods-Pro-2nd-generation-with-MagSafe-Case-USB-C/5689919121,200,200,4906,True,True,"Apple, Wireless Earbuds, AirPods Pro 2, Active Noise Cancellation - Walmart.com",,True,
zenrows,Walmart AirPod product page,https://www.walmart.com/ip/AirPods-Pro-2nd-generation-with-MagSafe-Case-USB-C/5689919121,200,200,3449,True,True,"Apple, Wireless Earbuds, AirPods Pro 2, Active Noise Cancellation - Walmart.com",,True,
zenrows,Walmart AirPod product page,https://www.walmart.com/ip/AirPods-Pro-2nd-generation-with-MagSafe-Case-USB-C/5689919121,200,200,3377,True,True,"Apple, Wireless Earbuds, AirPods Pro 2, Active Noise Cancellation - Walmart.com",,True,
zenrows,Walmart AirPod product page,https://www.walmart.com/ip/AirPods-Pro-2nd-generation-with-MagSafe-Case-USB-C/5689919121,200,200,3179,True,True,"Apple, Wireless Earbuds, AirPods Pro 2, Active Noise Cancellation - Walmart.com",,True,
zenrows,Walmart AirPod product page,https://www.walmart.com/ip/AirPods-Pro-2nd-generation-with-MagSafe-Case-USB-C/5689919121,200,200,2845,True,True,"Apple, Wireless Earbuds, AirPods Pro 2, Active Noise Cancellation - Walmart.com",,True,
zenrows,Walmart AirPod product page,https://www.walmart.com/ip/AirPods-Pro-2nd-generation-with-MagSafe-Case-USB-C/5689919121,200,200,3531,True,True,"Apple, Wireless Earbuds, AirPods Pro 2, Active Noise Cancellation - Walmart.com",,True,
zenrows,Walmart AirPod product page,https://www.walmart.com/ip/AirPods-Pro-2nd-generation-with-MagSafe-Case-USB-C/5689919121,200,200,3167,True,True,"Apple, Wireless Earbuds, AirPods Pro 2, Active Noise Cancellation - Walmart.com",,True,
zenrows,Walmart AirPod product page,https://www.walmart.com/ip/AirPods-Pro-2nd-generation-with-MagSafe-Case-USB-C/5689919121,200,200,7634,True,True,"Apple, Wireless Earbuds, AirPods Pro 2, Active Noise Cancellation - Walmart.com",,True,
zenrows,Walmart AirPod product page,https://www.walmart.com/ip/AirPods-Pro-2nd-generation-with-MagSafe-Case-USB-C/5689919121,200,200,3762,True,True,"Apple, Wireless Earbuds, AirPods Pro 2, Active Noise Cancellation - Walmart.com",,True,
zenrows,Walmart AirPod product page,https://www.walmart.com/ip/AirPods-Pro-2nd-generation-with-MagSafe-Case-USB-C/5689919121,200,200,3075,True,True,"Apple, Wireless Earbuds, AirPods Pro 2, Active Noise Cancellation - Walmart.com",,True,
zenrows,Walmart AirPod product page,https://www.walmart.com/ip/AirPods-Pro-2nd-generation-with-MagSafe-Case-USB-C/5689919121,200,200,3096,True,True,"Apple, Wireless Earbuds, AirPods Pro 2, Active Noise Cancellation - Walmart.com",,True,
zenrows,Walmart AirPod product page,https://www.walmart.com/ip/AirPods-Pro-2nd-generation-with-MagSafe-Case-USB-C/5689919121,200,200,2572,True,True,"Apple, Wireless Earbuds, AirPods Pro 2, Active Noise Cancellation - Walmart.com",,True,
zenrows,Walmart AirPod product page,https://www.walmart.com/ip/AirPods-Pro-2nd-generation-with-MagSafe-Case-USB-C/5689919121,200,200,3356,True,True,"Apple, Wireless Earbuds, AirPods Pro 2, Active Noise Cancellation - Walmart.com",,True,
zenrows,Walmart AirPod product page,https://www.walmart.com/ip/AirPods-Pro-2nd-generation-with-MagSafe-Case-USB-C/5689919121,200,200,2920,True,True,"Apple, Wireless Earbuds, AirPods Pro 2, Active Noise Cancellation - Walmart.com",,True,
zenrows,Amazon product page,https://www.amazon.com/dp/B09W2H338D,200,200,56689,True,True,"Amazon.com: DAREU Wireless Working Keyboard, TKL Ergonomic Mechanical Wireless Keyboard for Office, with Aluminum Alloy Panel, Function pad and Hot Keys, Stable Connection, for PC, Mac, Windows (Red Switch) : Electronics",,True,
zenrows,Amazon product page,https://www.amazon.com/dp/B09W2H338D,200,200,22262,True,True,"Amazon.com: DAREU Wireless Working Keyboard, TKL Ergonomic Mechanical Wireless Keyboard for Office, with Aluminum Alloy Panel, Function pad and Hot Keys, Stable Connection, for PC, Mac, Windows (Red Switch) : Electronics",,True,
zenrows,Amazon product page,https://www.amazon.com/dp/B09W2H338D,200,200,14753,True,True,"Amazon.com: DAREU Wireless Working Keyboard, TKL Ergonomic Mechanical Wireless Keyboard for Office, with Aluminum Alloy Panel, Function pad and Hot Keys, Stable Connection, for PC, Mac, Windows (Red Switch) : Electronics",,True,
zenrows,Amazon product page,https://www.amazon.com/dp/B09W2H338D,200,200,6167,True,True,"Amazon.com: DAREU Wireless Working Keyboard, TKL Ergonomic Mechanical Wireless Keyboard for Office, with Aluminum Alloy Panel, Function pad and Hot Keys, Stable Connection, for PC, Mac, Windows (Red Switch) : Electronics",,True,
zenrows,Amazon product page,https://www.amazon.com/dp/B09W2H338D,200,200,10251,True,True,"Amazon.com: DAREU Wireless Working Keyboard, TKL Ergonomic Mechanical Wireless Keyboard for Office, with Aluminum Alloy Panel, Function pad and Hot Keys, Stable Connection, for PC, Mac, Windows (Red Switch) : Electronics",,True,
zenrows,Amazon product page,https://www.amazon.com/dp/B09W2H338D,200,200,39267,True,True,"Amazon.com: DAREU Wireless Working Keyboard, TKL Ergonomic Mechanical Wireless Keyboard for Office, with Aluminum Alloy Panel, Function pad and Hot Keys, Stable Connection, for PC, Mac, Windows (Red Switch) : Electronics",,True,
zenrows,Amazon product page,https://www.amazon.com/dp/B09W2H338D,200,200,27098,True,True,"Amazon.com: DAREU Wireless Working Keyboard, TKL Ergonomic Mechanical Wireless Keyboard for Office, with Aluminum Alloy Panel, Function pad and Hot Keys, Stable Connection, for PC, Mac, Windows (Red Switch) : Electronics",,True,
zenrows,Amazon product page,https://www.amazon.com/dp/B09W2H338D,200,200,10315,True,True,"Amazon.com: DAREU Wireless Working Keyboard, TKL Ergonomic Mechanical Wireless Keyboard for Office, with Aluminum Alloy Panel, Function pad and Hot Keys, Stable Connection, for PC, Mac, Windows (Red Switch) : Electronics",,True,
zenrows,Amazon product page,https://www.amazon.com/dp/B09W2H338D,200,200,18089,True,True,"Amazon.com: DAREU Wireless Working Keyboard, TKL Ergonomic Mechanical Wireless Keyboard for Office, with Aluminum Alloy Panel, Function pad and Hot Keys, Stable Connection, for PC, Mac, Windows (Red Switch) : Electronics",,True,
zenrows,Amazon product page,https://www.amazon.com/dp/B09W2H338D,200,200,49576,True,True,"Amazon.com: DAREU Wireless Working Keyboard, TKL Ergonomic Mechanical Wireless Keyboard for Office, with Aluminum Alloy Panel, Function pad and Hot Keys, Stable Connection, for PC, Mac, Windows (Red Switch) : Electronics",,True,
zenrows,Amazon product page,https://www.amazon.com/dp/B09W2H338D,200,200,9689,True,True,"Amazon.com: DAREU Wireless Working Keyboard, TKL Ergonomic Mechanical Wireless Keyboard for Office, with Aluminum Alloy Panel, Function pad and Hot Keys, Stable Connection, for PC, Mac, Windows (Red Switch) : Electronics",,True,
zenrows,Amazon product page,https://www.amazon.com/dp/B09W2H338D,200,200,13490,True,True,"Amazon.com: DAREU Wireless Working Keyboard, TKL Ergonomic Mechanical Wireless Keyboard for Office, with Aluminum Alloy Panel, Function pad and Hot Keys, Stable Connection, for PC, Mac, Windows (Red Switch) : Electronics",,True,
zenrows,Amazon product page,https://www.amazon.com/dp/B09W2H338D,200,200,5240,True,True,"Amazon.com: DAREU Wireless Working Keyboard, TKL Ergonomic Mechanical Wireless Keyboard for Office, with Aluminum Alloy Panel, Function pad and Hot Keys, Stable Connection, for PC, Mac, Windows (Red Switch) : Electronics",,True,
zenrows,Amazon product page,https://www.amazon.com/dp/B09W2H338D,200,200,6210,True,True,"Amazon.com: DAREU Wireless Working Keyboard, TKL Ergonomic Mechanical Wireless Keyboard for Office, with Aluminum Alloy Panel, Function pad and Hot Keys, Stable Connection, for PC, Mac, Windows (Red Switch) : Electronics",,True,
zenrows,Amazon product page,https://www.amazon.com/dp/B09W2H338D,200,200,25227,True,True,"Amazon.com: DAREU Wireless Working Keyboard, TKL Ergonomic Mechanical Wireless Keyboard for Office, with Aluminum Alloy Panel, Function pad and Hot Keys, Stable Connection, for PC, Mac, Windows (Red Switch) : Electronics",,True,
zenrows,Amazon product page,https://www.amazon.com/dp/B09W2H338D,200,200,8926,True,True,"Amazon.com: DAREU Wireless Working Keyboard, TKL Ergonomic Mechanical Wireless Keyboard for Office, with Aluminum Alloy Panel, Function pad and Hot Keys, Stable Connection, for PC, Mac, Windows (Red Switch) : Electronics",,True,
zenrows,Amazon product page,https://www.amazon.com/dp/B09W2H338D,200,200,29055,True,True,"Amazon.com: DAREU Wireless Working Keyboard, TKL Ergonomic Mechanical Wireless Keyboard for Office, with Aluminum Alloy Panel, Function pad and Hot Keys, Stable Connection, for PC, Mac, Windows (Red Switch) : Electronics",,True,
zenrows,Amazon product page,https://www.amazon.com/dp/B09W2H338D,200,200,9510,True,True,"Amazon.com: DAREU Wireless Working Keyboard, TKL Ergonomic Mechanical Wireless Keyboard for Office, with Aluminum Alloy Panel, Function pad and Hot Keys, Stable Connection, for PC, Mac, Windows (Red Switch) : Electronics",,True,
zenrows,Amazon product page,https://www.amazon.com/dp/B09W2H338D,200,200,11694,True,True,"Amazon.com: DAREU Wireless Working Keyboard, TKL Ergonomic Mechanical Wireless Keyboard for Office, with Aluminum Alloy Panel, Function pad and Hot Keys, Stable Connection, for PC, Mac, Windows (Red Switch) : Electronics",,True,
zenrows,Amazon product page,https://www.amazon.com/dp/B09W2H338D,200,200,14087,True,True,"Amazon.com: DAREU Wireless Working Keyboard, TKL Ergonomic Mechanical Wireless Keyboard for Office, with Aluminum Alloy Panel, Function pad and Hot Keys, Stable Connection, for PC, Mac, Windows (Red Switch) : Electronics",,True,
zenrows,Amazon product page,https://www.amazon.com/dp/B09W2H338D,200,200,9462,True,True,"Amazon.com: DAREU Wireless Working Keyboard, TKL Ergonomic Mechanical Wireless Keyboard for Office, with Aluminum Alloy Panel, Function pad and Hot Keys, Stable Connection, for PC, Mac, Windows (Red Switch) : Electronics",,True,
zenrows,Amazon product page,https://www.amazon.com/dp/B09W2H338D,200,200,42482,True,True,"Amazon.com: DAREU Wireless Working Keyboard, TKL Ergonomic Mechanical Wireless Keyboard for Office, with Aluminum Alloy Panel, Function pad and Hot Keys, Stable Connection, for PC, Mac, Windows (Red Switch) : Electronics",,True,
zenrows,Amazon product page,https://www.amazon.com/dp/B09W2H338D,200,200,7215,True,True,"Amazon.com: DAREU Wireless Working Keyboard, TKL Ergonomic Mechanical Wireless Keyboard for Office, with Aluminum Alloy Panel, Function pad and Hot Keys, Stable Connection, for PC, Mac, Windows (Red Switch) : Electronics",,True,
zenrows,Amazon product page,https://www.amazon.com/dp/B09W2H338D,200,200,13290,True,True,"Amazon.com: DAREU Wireless Working Keyboard, TKL Ergonomic Mechanical Wireless Keyboard for Office, with Aluminum Alloy Panel, Function pad and Hot Keys, Stable Connection, for PC, Mac, Windows (Red Switch) : Electronics",,True,
zenrows,Amazon product page,https://www.amazon.com/dp/B09W2H338D,200,200,4944,True,True,"Amazon.com: DAREU Wireless Working Keyboard, TKL Ergonomic Mechanical Wireless Keyboard for Office, with Aluminum Alloy Panel, Function pad and Hot Keys, Stable Connection, for PC, Mac, Windows (Red Switch) : Electronics",,True,
zenrows,Amazon product page,https://www.amazon.com/dp/B09W2H338D,200,200,9577,True,True,"Amazon.com: DAREU Wireless Working Keyboard, TKL Ergonomic Mechanical Wireless Keyboard for Office, with Aluminum Alloy Panel, Function pad and Hot Keys, Stable Connection, for PC, Mac, Windows (Red Switch) : Electronics",,True,
zenrows,Amazon product page,https://www.amazon.com/dp/B09W2H338D,200,200,34788,True,True,"Amazon.com: DAREU Wireless Working Keyboard, TKL Ergonomic Mechanical Wireless Keyboard for Office, with Aluminum Alloy Panel, Function pad and Hot Keys, Stable Connection, for PC, Mac, Windows (Red Switch) : Electronics",,True,
zenrows,Amazon product page,https://www.amazon.com/dp/B09W2H338D,200,200,25744,True,True,"Amazon.com: DAREU Wireless Working Keyboard, TKL Ergonomic Mechanical Wireless Keyboard for Office, with Aluminum Alloy Panel, Function pad and Hot Keys, Stable Connection, for PC, Mac, Windows (Red Switch) : Electronics",,True,
zenrows,Amazon product page,https://www.amazon.com/dp/B09W2H338D,200,200,4627,True,True,"Amazon.com: DAREU Wireless Working Keyboard, TKL Ergonomic Mechanical Wireless Keyboard for Office, with Aluminum Alloy Panel, Function pad and Hot Keys, Stable Connection, for PC, Mac, Windows (Red Switch) : Electronics",,True,
zenrows,Amazon product page,https://www.amazon.com/dp/B09W2H338D,200,200,13207,True,True,"Amazon.com: DAREU Wireless Working Keyboard, TKL Ergonomic Mechanical Wireless Keyboard for Office, with Aluminum Alloy Panel, Function pad and Hot Keys, Stable Connection, for PC, Mac, Windows (Red Switch) : Electronics",,True,
zenrows,Amazon product page,https://www.amazon.com/dp/B09W2H338D,200,200,10897,True,True,"Amazon.com: DAREU Wireless Working Keyboard, TKL Ergonomic Mechanical Wireless Keyboard for Office, with Aluminum Alloy Panel, Function pad and Hot Keys, Stable Connection, for PC, Mac, Windows (Red Switch) : Electronics",,True,
zenrows,Amazon product page,https://www.amazon.com/dp/B09W2H338D,200,200,7906,True,True,"Amazon.com: DAREU Wireless Working Keyboard, TKL Ergonomic Mechanical Wireless Keyboard for Office, with Aluminum Alloy Panel, Function pad and Hot Keys, Stable Connection, for PC, Mac, Windows (Red Switch) : Electronics",,True,
zenrows,Amazon product page,https://www.amazon.com/dp/B09W2H338D,200,200,59167,True,True,"Amazon.com: DAREU Wireless Working Keyboard, TKL Ergonomic Mechanical Wireless Keyboard for Office, with Aluminum Alloy Panel, Function pad and Hot Keys, Stable Connection, for PC, Mac, Windows (Red Switch) : Electronics",,True,
zenrows,Amazon product page,https://www.amazon.com/dp/B09W2H338D,200,200,6474,True,True,"Amazon.com: DAREU Wireless Working Keyboard, TKL Ergonomic Mechanical Wireless Keyboard for Office, with Aluminum Alloy Panel, Function pad and Hot Keys, Stable Connection, for PC, Mac, Windows (Red Switch) : Electronics",,True,
zenrows,Amazon product page,https://www.amazon.com/dp/B09W2H338D,200,200,21786,True,True,"Amazon.com: DAREU Wireless Working Keyboard, TKL Ergonomic Mechanical Wireless Keyboard for Office, with Aluminum Alloy Panel, Function pad and Hot Keys, Stable Connection, for PC, Mac, Windows (Red Switch) : Electronics",,True,
zenrows,Amazon product page,https://www.amazon.com/dp/B09W2H338D,200,200,30963,True,True,"Amazon.com: DAREU Wireless Working Keyboard, TKL Ergonomic Mechanical Wireless Keyboard for Office, with Aluminum Alloy Panel, Function pad and Hot Keys, Stable Connection, for PC, Mac, Windows (Red Switch) : Electronics",,True,
zenrows,Amazon product page,https://www.amazon.com/dp/B09W2H338D,200,200,6847,True,True,"Amazon.com: DAREU Wireless Working Keyboard, TKL Ergonomic Mechanical Wireless Keyboard for Office, with Aluminum Alloy Panel, Function pad and Hot Keys, Stable Connection, for PC, Mac, Windows (Red Switch) : Electronics",,True,
zenrows,Amazon product page,https://www.amazon.com/dp/B09W2H338D,200,200,5506,True,True,"Amazon.com: DAREU Wireless Working Keyboard, TKL Ergonomic Mechanical Wireless Keyboard for Office, with Aluminum Alloy Panel, Function pad and Hot Keys, Stable Connection, for PC, Mac, Windows (Red Switch) : Electronics",,True,
zenrows,Amazon product page,https://www.amazon.com/dp/B09W2H338D,200,200,4504,True,True,"Amazon.com: DAREU Wireless Working Keyboard, TKL Ergonomic Mechanical Wireless Keyboard for Office, with Aluminum Alloy Panel, Function pad and Hot Keys, Stable Connection, for PC, Mac, Windows (Red Switch) : Electronics",,True,
zenrows,Amazon product page,https://www.amazon.com/dp/B09W2H338D,200,200,20205,True,True,"Amazon.com: DAREU Wireless Working Keyboard, TKL Ergonomic Mechanical Wireless Keyboard for Office, with Aluminum Alloy Panel, Function pad and Hot Keys, Stable Connection, for PC, Mac, Windows (Red Switch) : Electronics",,True,
zenrows,Amazon product page,https://www.amazon.com/dp/B09W2H338D,200,200,9548,True,True,"Amazon.com: DAREU Wireless Working Keyboard, TKL Ergonomic Mechanical Wireless Keyboard for Office, with Aluminum Alloy Panel, Function pad and Hot Keys, Stable Connection, for PC, Mac, Windows (Red Switch) : Electronics",,True,
zenrows,Amazon product page,https://www.amazon.com/dp/B09W2H338D,200,200,9020,True,True,"Amazon.com: DAREU Wireless Working Keyboard, TKL Ergonomic Mechanical Wireless Keyboard for Office, with Aluminum Alloy Panel, Function pad and Hot Keys, Stable Connection, for PC, Mac, Windows (Red Switch) : Electronics",,True,
zenrows,Amazon product page,https://www.amazon.com/dp/B09W2H338D,200,200,4786,True,True,"Amazon.com: DAREU Wireless Working Keyboard, TKL Ergonomic Mechanical Wireless Keyboard for Office, with Aluminum Alloy Panel, Function pad and Hot Keys, Stable Connection, for PC, Mac, Windows (Red Switch) : Electronics",,True,
zenrows,Amazon product page,https://www.amazon.com/dp/B09W2H338D,200,200,8612,True,True,"Amazon.com: DAREU Wireless Working Keyboard, TKL Ergonomic Mechanical Wireless Keyboard for Office, with Aluminum Alloy Panel, Function pad and Hot Keys, Stable Connection, for PC, Mac, Windows (Red Switch) : Electronics",,True,
zenrows,Amazon product page,https://www.amazon.com/dp/B09W2H338D,200,200,8423,True,True,"Amazon.com: DAREU Wireless Working Keyboard, TKL Ergonomic Mechanical Wireless Keyboard for Office, with Aluminum Alloy Panel, Function pad and Hot Keys, Stable Connection, for PC, Mac, Windows (Red Switch) : Electronics",,True,
zenrows,Amazon product page,https://www.amazon.com/dp/B09W2H338D,200,200,17838,True,True,"Amazon.com: DAREU Wireless Working Keyboard, TKL Ergonomic Mechanical Wireless Keyboard for Office, with Aluminum Alloy Panel, Function pad and Hot Keys, Stable Connection, for PC, Mac, Windows (Red Switch) : Electronics",,True,
zenrows,Amazon product page,https://www.amazon.com/dp/B09W2H338D,200,200,22593,True,True,"Amazon.com: DAREU Wireless Working Keyboard, TKL Ergonomic Mechanical Wireless Keyboard for Office, with Aluminum Alloy Panel, Function pad and Hot Keys, Stable Connection, for PC, Mac, Windows (Red Switch) : Electronics",,True,
zenrows,Amazon product page,https://www.amazon.com/dp/B09W2H338D,200,200,4689,True,True,"Amazon.com: DAREU Wireless Working Keyboard, TKL Ergonomic Mechanical Wireless Keyboard for Office, with Aluminum Alloy Panel, Function pad and Hot Keys, Stable Connection, for PC, Mac, Windows (Red Switch) : Electronics",,True,
zenrows,Amazon product page,https://www.amazon.com/dp/B09W2H338D,200,200,6822,True,True,"Amazon.com: DAREU Wireless Working Keyboard, TKL Ergonomic Mechanical Wireless Keyboard for Office, with Aluminum Alloy Panel, Function pad and Hot Keys, Stable Connection, for PC, Mac, Windows (Red Switch) : Electronics",,True,
zenrows,Amazon product page,https://www.amazon.com/dp/B09W2H338D,200,200,15862,True,True,"Amazon.com: DAREU Wireless Working Keyboard, TKL Ergonomic Mechanical Wireless Keyboard for Office, with Aluminum Alloy Panel, Function pad and Hot Keys, Stable Connection, for PC, Mac, Windows (Red Switch) : Electronics",,True,
zenrows,Amazon product page,https://www.amazon.com/dp/B09W2H338D,200,200,13645,True,True,"Amazon.com: DAREU Wireless Working Keyboard, TKL Ergonomic Mechanical Wireless Keyboard for Office, with Aluminum Alloy Panel, Function pad and Hot Keys, Stable Connection, for PC, Mac, Windows (Red Switch) : Electronics",,True,
zenrows,Amazon product page,https://www.amazon.com/dp/B09W2H338D,200,200,24784,True,True,"Amazon.com: DAREU Wireless Working Keyboard, TKL Ergonomic Mechanical Wireless Keyboard for Office, with Aluminum Alloy Panel, Function pad and Hot Keys, Stable Connection, for PC, Mac, Windows (Red Switch) : Electronics",,True,
zenrows,Amazon product page,https://www.amazon.com/dp/B09W2H338D,200,200,16271,True,True,"Amazon.com: DAREU Wireless Working Keyboard, TKL Ergonomic Mechanical Wireless Keyboard for Office, with Aluminum Alloy Panel, Function pad and Hot Keys, Stable Connection, for PC, Mac, Windows (Red Switch) : Electronics",,True,
zenrows,Amazon product page,https://www.amazon.com/dp/B09W2H338D,200,200,18751,True,True,"Amazon.com: DAREU Wireless Working Keyboard, TKL Ergonomic Mechanical Wireless Keyboard for Office, with Aluminum Alloy Panel, Function pad and Hot Keys, Stable Connection, for PC, Mac, Windows (Red Switch) : Electronics",,True,
zenrows,Amazon product page,https://www.amazon.com/dp/B09W2H338D,200,200,9772,True,True,"Amazon.com: DAREU Wireless Working Keyboard, TKL Ergonomic Mechanical Wireless Keyboard for Office, with Aluminum Alloy Panel, Function pad and Hot Keys, Stable Connection, for PC, Mac, Windows (Red Switch) : Electronics",,True,
zenrows,Amazon product page,https://www.amazon.com/dp/B09W2H338D,200,200,7171,True,True,"Amazon.com: DAREU Wireless Working Keyboard, TKL Ergonomic Mechanical Wireless Keyboard for Office, with Aluminum Alloy Panel, Function pad and Hot Keys, Stable Connection, for PC, Mac, Windows (Red Switch) : Electronics",,True,
zenrows,Amazon product page,https://www.amazon.com/dp/B09W2H338D,200,200,41810,True,True,"Amazon.com: DAREU Wireless Working Keyboard, TKL Ergonomic Mechanical Wireless Keyboard for Office, with Aluminum Alloy Panel, Function pad and Hot Keys, Stable Connection, for PC, Mac, Windows (Red Switch) : Electronics",,True,
zenrows,Amazon product page,https://www.amazon.com/dp/B09W2H338D,200,200,8389,True,True,"Amazon.com: DAREU Wireless Working Keyboard, TKL Ergonomic Mechanical Wireless Keyboard for Office, with Aluminum Alloy Panel, Function pad and Hot Keys, Stable Connection, for PC, Mac, Windows (Red Switch) : Electronics",,True,
zenrows,Amazon product page,https://www.amazon.com/dp/B09W2H338D,200,200,21946,True,True,"Amazon.com: DAREU Wireless Working Keyboard, TKL Ergonomic Mechanical Wireless Keyboard for Office, with Aluminum Alloy Panel, Function pad and Hot Keys, Stable Connection, for PC, Mac, Windows (Red Switch) : Electronics",,True,
zenrows,Amazon product page,https://www.amazon.com/dp/B09W2H338D,200,200,8565,True,True,"Amazon.com: DAREU Wireless Working Keyboard, TKL Ergonomic Mechanical Wireless Keyboard for Office, with Aluminum Alloy Panel, Function pad and Hot Keys, Stable Connection, for PC, Mac, Windows (Red Switch) : Electronics",,True,
zenrows,Amazon product page,https://www.amazon.com/dp/B09W2H338D,200,200,4574,True,True,"Amazon.com: DAREU Wireless Working Keyboard, TKL Ergonomic Mechanical Wireless Keyboard for Office, with Aluminum Alloy Panel, Function pad and Hot Keys, Stable Connection, for PC, Mac, Windows (Red Switch) : Electronics",,True,
zenrows,Amazon product page,https://www.amazon.com/dp/B09W2H338D,200,200,13344,True,True,"Amazon.com: DAREU Wireless Working Keyboard, TKL Ergonomic Mechanical Wireless Keyboard for Office, with Aluminum Alloy Panel, Function pad and Hot Keys, Stable Connection, for PC, Mac, Windows (Red Switch) : Electronics",,True,
zenrows,Amazon product page,https://www.amazon.com/dp/B09W2H338D,200,200,15211,True,True,"Amazon.com: DAREU Wireless Working Keyboard, TKL Ergonomic Mechanical Wireless Keyboard for Office, with Aluminum Alloy Panel, Function pad and Hot Keys, Stable Connection, for PC, Mac, Windows (Red Switch) : Electronics",,True,
zenrows,Amazon product page,https://www.amazon.com/dp/B09W2H338D,200,200,6092,True,True,"Amazon.com: DAREU Wireless Working Keyboard, TKL Ergonomic Mechanical Wireless Keyboard for Office, with Aluminum Alloy Panel, Function pad and Hot Keys, Stable Connection, for PC, Mac, Windows (Red Switch) : Electronics",,True,
zenrows,Amazon product page,https://www.amazon.com/dp/B09W2H338D,200,200,20130,True,True,"Amazon.com: DAREU Wireless Working Keyboard, TKL Ergonomic Mechanical Wireless Keyboard for Office, with Aluminum Alloy Panel, Function pad and Hot Keys, Stable Connection, for PC, Mac, Windows (Red Switch) : Electronics",,True,
zenrows,Amazon product page,https://www.amazon.com/dp/B09W2H338D,200,200,21047,True,True,"Amazon.com: DAREU Wireless Working Keyboard, TKL Ergonomic Mechanical Wireless Keyboard for Office, with Aluminum Alloy Panel, Function pad and Hot Keys, Stable Connection, for PC, Mac, Windows (Red Switch) : Electronics",,True,
zenrows,Amazon product page,https://www.amazon.com/dp/B09W2H338D,200,200,7480,True,True,"Amazon.com: DAREU Wireless Working Keyboard, TKL Ergonomic Mechanical Wireless Keyboard for Office, with Aluminum Alloy Panel, Function pad and Hot Keys, Stable Connection, for PC, Mac, Windows (Red Switch) : Electronics",,True,
zenrows,Amazon product page,https://www.amazon.com/dp/B09W2H338D,200,200,8985,True,True,"Amazon.com: DAREU Wireless Working Keyboard, TKL Ergonomic Mechanical Wireless Keyboard for Office, with Aluminum Alloy Panel, Function pad and Hot Keys, Stable Connection, for PC, Mac, Windows (Red Switch) : Electronics",,True,
zenrows,Amazon product page,https://www.amazon.com/dp/B09W2H338D,200,200,5217,True,True,"Amazon.com: DAREU Wireless Working Keyboard, TKL Ergonomic Mechanical Wireless Keyboard for Office, with Aluminum Alloy Panel, Function pad and Hot Keys, Stable Connection, for PC, Mac, Windows (Red Switch) : Electronics",,True,
zenrows,Amazon product page,https://www.amazon.com/dp/B09W2H338D,200,200,4817,True,True,"Amazon.com: DAREU Wireless Working Keyboard, TKL Ergonomic Mechanical Wireless Keyboard for Office, with Aluminum Alloy Panel, Function pad and Hot Keys, Stable Connection, for PC, Mac, Windows (Red Switch) : Electronics",,True,
zenrows,Amazon product page,https://www.amazon.com/dp/B09W2H338D,200,200,27991,True,True,"Amazon.com: DAREU Wireless Working Keyboard, TKL Ergonomic Mechanical Wireless Keyboard for Office, with Aluminum Alloy Panel, Function pad and Hot Keys, Stable Connection, for PC, Mac, Windows (Red Switch) : Electronics",,True,
zenrows,Amazon product page,https://www.amazon.com/dp/B09W2H338D,200,200,8454,True,True,"Amazon.com: DAREU Wireless Working Keyboard, TKL Ergonomic Mechanical Wireless Keyboard for Office, with Aluminum Alloy Panel, Function pad and Hot Keys, Stable Connection, for PC, Mac, Windows (Red Switch) : Electronics",,True,
zenrows,Amazon product page,https://www.amazon.com/dp/B09W2H338D,200,200,20404,True,True,"Amazon.com: DAREU Wireless Working Keyboard, TKL Ergonomic Mechanical Wireless Keyboard for Office, with Aluminum Alloy Panel, Function pad and Hot Keys, Stable Connection, for PC, Mac, Windows (Red Switch) : Electronics",,True,
zenrows,Amazon product page,https://www.amazon.com/dp/B09W2H338D,200,200,7196,True,True,"Amazon.com: DAREU Wireless Working Keyboard, TKL Ergonomic Mechanical Wireless Keyboard for Office, with Aluminum Alloy Panel, Function pad and Hot Keys, Stable Connection, for PC, Mac, Windows (Red Switch) : Electronics",,True,
zenrows,Amazon product page,https://www.amazon.com/dp/B09W2H338D,200,200,22907,True,True,"Amazon.com: DAREU Wireless Working Keyboard, TKL Ergonomic Mechanical Wireless Keyboard for Office, with Aluminum Alloy Panel, Function pad and Hot Keys, Stable Connection, for PC, Mac, Windows (Red Switch) : Electronics",,True,
zenrows,Amazon product page,https://www.amazon.com/dp/B09W2H338D,200,200,4136,True,True,"Amazon.com: DAREU Wireless Working Keyboard, TKL Ergonomic Mechanical Wireless Keyboard for Office, with Aluminum Alloy Panel, Function pad and Hot Keys, Stable Connection, for PC, Mac, Windows (Red Switch) : Electronics",,True,
zenrows,Amazon product page,https://www.amazon.com/dp/B09W2H338D,200,200,4314,True,True,"Amazon.com: DAREU Wireless Working Keyboard, TKL Ergonomic Mechanical Wireless Keyboard for Office, with Aluminum Alloy Panel, Function pad and Hot Keys, Stable Connection, for PC, Mac, Windows (Red Switch) : Electronics",,True,
zenrows,Amazon product page,https://www.amazon.com/dp/B09W2H338D,200,200,5938,True,True,"Amazon.com: DAREU Wireless Working Keyboard, TKL Ergonomic Mechanical Wireless Keyboard for Office, with Aluminum Alloy Panel, Function pad and Hot Keys, Stable Connection, for PC, Mac, Windows (Red Switch) : Electronics",,True,
zenrows,Amazon product page,https://www.amazon.com/dp/B09W2H338D,200,200,3841,True,True,"Amazon.com: DAREU Wireless Working Keyboard, TKL Ergonomic Mechanical Wireless Keyboard for Office, with Aluminum Alloy Panel, Function pad and Hot Keys, Stable Connection, for PC, Mac, Windows (Red Switch) : Electronics",,True,
zenrows,Amazon product page,https://www.amazon.com/dp/B09W2H338D,200,200,8203,True,True,"Amazon.com: DAREU Wireless Working Keyboard, TKL Ergonomic Mechanical Wireless Keyboard for Office, with Aluminum Alloy Panel, Function pad and Hot Keys, Stable Connection, for PC, Mac, Windows (Red Switch) : Electronics",,True,
zenrows,Amazon product page,https://www.amazon.com/dp/B09W2H338D,200,200,7362,True,True,"Amazon.com: DAREU Wireless Working Keyboard, TKL Ergonomic Mechanical Wireless Keyboard for Office, with Aluminum Alloy Panel, Function pad and Hot Keys, Stable Connection, for PC, Mac, Windows (Red Switch) : Electronics",,True,
zenrows,Amazon product page,https://www.amazon.com/dp/B09W2H338D,200,200,11829,True,True,"Amazon.com: DAREU Wireless Working Keyboard, TKL Ergonomic Mechanical Wireless Keyboard for Office, with Aluminum Alloy Panel, Function pad and Hot Keys, Stable Connection, for PC, Mac, Windows (Red Switch) : Electronics",,True,
zenrows,Amazon product page,https://www.amazon.com/dp/B09W2H338D,200,200,5624,True,True,"Amazon.com: DAREU Wireless Working Keyboard, TKL Ergonomic Mechanical Wireless Keyboard for Office, with Aluminum Alloy Panel, Function pad and Hot Keys, Stable Connection, for PC, Mac, Windows (Red Switch) : Electronics",,True,
zenrows,Amazon product page,https://www.amazon.com/dp/B09W2H338D,200,200,10391,True,True,"Amazon.com: DAREU Wireless Working Keyboard, TKL Ergonomic Mechanical Wireless Keyboard for Office, with Aluminum Alloy Panel, Function pad and Hot Keys, Stable Connection, for PC, Mac, Windows (Red Switch) : Electronics",,True,
zenrows,Amazon product page,https://www.amazon.com/dp/B09W2H338D,200,200,3933,True,True,"Amazon.com: DAREU Wireless Working Keyboard, TKL Ergonomic Mechanical Wireless Keyboard for Office, with Aluminum Alloy Panel, Function pad and Hot Keys, Stable Connection, for PC, Mac, Windows (Red Switch) : Electronics",,True,
zenrows,Amazon product page,https://www.amazon.com/dp/B09W2H338D,200,200,4089,True,True,"Amazon.com: DAREU Wireless Working Keyboard, TKL Ergonomic Mechanical Wireless Keyboard for Office, with Aluminum Alloy Panel, Function pad and Hot Keys, Stable Connection, for PC, Mac, Windows (Red Switch) : Electronics",,True,
zenrows,Amazon product page,https://www.amazon.com/dp/B09W2H338D,200,200,3880,True,True,"Amazon.com: DAREU Wireless Working Keyboard, TKL Ergonomic Mechanical Wireless Keyboard for Office, with Aluminum Alloy Panel, Function pad and Hot Keys, Stable Connection, for PC, Mac, Windows (Red Switch) : Electronics",,True,
zenrows,Amazon product page,https://www.amazon.com/dp/B09W2H338D,200,200,45996,True,True,"Amazon.com: DAREU Wireless Working Keyboard, TKL Ergonomic Mechanical Wireless Keyboard for Office, with Aluminum Alloy Panel, Function pad and Hot Keys, Stable Connection, for PC, Mac, Windows (Red Switch) : Electronics",,True,
zenrows,Amazon product page,https://www.amazon.com/dp/B09W2H338D,200,200,6408,True,True,"Amazon.com: DAREU Wireless Working Keyboard, TKL Ergonomic Mechanical Wireless Keyboard for Office, with Aluminum Alloy Panel, Function pad and Hot Keys, Stable Connection, for PC, Mac, Windows (Red Switch) : Electronics",,True,
zenrows,Amazon product page,https://www.amazon.com/dp/B09W2H338D,200,200,5727,True,True,"Amazon.com: DAREU Wireless Working Keyboard, TKL Ergonomic Mechanical Wireless Keyboard for Office, with Aluminum Alloy Panel, Function pad and Hot Keys, Stable Connection, for PC, Mac, Windows (Red Switch) : Electronics",,True,
zenrows,Amazon product page,https://www.amazon.com/dp/B09W2H338D,200,200,4702,True,True,"Amazon.com: DAREU Wireless Working Keyboard, TKL Ergonomic Mechanical Wireless Keyboard for Office, with Aluminum Alloy Panel, Function pad and Hot Keys, Stable Connection, for PC, Mac, Windows (Red Switch) : Electronics",,True,
zenrows,Amazon product page,https://www.amazon.com/dp/B09W2H338D,200,200,6478,True,True,"Amazon.com: DAREU Wireless Working Keyboard, TKL Ergonomic Mechanical Wireless Keyboard for Office, with Aluminum Alloy Panel, Function pad and Hot Keys, Stable Connection, for PC, Mac, Windows (Red Switch) : Electronics",,True,
zenrows,Amazon product page,https://www.amazon.com/dp/B09W2H338D,200,200,4243,True,True,"Amazon.com: DAREU Wireless Working Keyboard, TKL Ergonomic Mechanical Wireless Keyboard for Office, with Aluminum Alloy Panel, Function pad and Hot Keys, Stable Connection, for PC, Mac, Windows (Red Switch) : Electronics",,True,
zenrows,Amazon product page,https://www.amazon.com/dp/B09W2H338D,200,200,9053,True,True,"Amazon.com: DAREU Wireless Working Keyboard, TKL Ergonomic Mechanical Wireless Keyboard for Office, with Aluminum Alloy Panel, Function pad and Hot Keys, Stable Connection, for PC, Mac, Windows (Red Switch) : Electronics",,True,
zenrows,Amazon product page,https://www.amazon.com/dp/B09W2H338D,200,200,6895,True,True,"Amazon.com: DAREU Wireless Working Keyboard, TKL Ergonomic Mechanical Wireless Keyboard for Office, with Aluminum Alloy Panel, Function pad and Hot Keys, Stable Connection, for PC, Mac, Windows (Red Switch) : Electronics",,True,
zenrows,Amazon product page,https://www.amazon.com/dp/B09W2H338D,200,200,8126,True,True,"Amazon.com: DAREU Wireless Working Keyboard, TKL Ergonomic Mechanical Wireless Keyboard for Office, with Aluminum Alloy Panel, Function pad and Hot Keys, Stable Connection, for PC, Mac, Windows (Red Switch) : Electronics",,True,
zenrows,Amazon product page,https://www.amazon.com/dp/B09W2H338D,200,200,31769,True,True,"Amazon.com: DAREU Wireless Working Keyboard, TKL Ergonomic Mechanical Wireless Keyboard for Office, with Aluminum Alloy Panel, Function pad and Hot Keys, Stable Connection, for PC, Mac, Windows (Red Switch) : Electronics",,True,
zenrows,Amazon product page,https://www.amazon.com/dp/B09W2H338D,200,200,5186,True,True,"Amazon.com: DAREU Wireless Working Keyboard, TKL Ergonomic Mechanical Wireless Keyboard for Office, with Aluminum Alloy Panel, Function pad and Hot Keys, Stable Connection, for PC, Mac, Windows (Red Switch) : Electronics",,True,
zenrows,Amazon product page,https://www.amazon.com/dp/B09W2H338D,200,200,7818,True,True,"Amazon.com: DAREU Wireless Working Keyboard, TKL Ergonomic Mechanical Wireless Keyboard for Office, with Aluminum Alloy Panel, Function pad and Hot Keys, Stable Connection, for PC, Mac, Windows (Red Switch) : Electronics",,True,
zenrows,Amazon product page,https://www.amazon.com/dp/B09W2H338D,200,200,6286,True,True,"Amazon.com: DAREU Wireless Working Keyboard, TKL Ergonomic Mechanical Wireless Keyboard for Office, with Aluminum Alloy Panel, Function pad and Hot Keys, Stable Connection, for PC, Mac, Windows (Red Switch) : Electronics",,True,
zenrows,Python documentation,https://docs.python.org/3/,200,200,454,True,True,3.14.7 Documentation,,True,
zenrows,Python documentation,https://docs.python.org/3/,200,200,500,True,True,3.14.7 Documentation,,True,
zenrows,Python documentation,https://docs.python.org/3/,200,200,2459,True,True,3.14.7 Documentation,,True,
zenrows,Python documentation,https://docs.python.org/3/,200,200,1463,True,True,3.14.7 Documentation,,True,
zenrows,Python documentation,https://docs.python.org/3/,200,200,630,True,True,3.14.7 Documentation,,True,
zenrows,Python documentation,https://docs.python.org/3/,200,200,1309,True,True,3.14.7 Documentation,,True,
zenrows,Python documentation,https://docs.python.org/3/,200,200,1566,True,True,3.14.7 Documentation,,True,
zenrows,Python documentation,https://docs.python.org/3/,200,200,416,True,True,3.14.7 Documentation,,True,
zenrows,Python documentation,https://docs.python.org/3/,200,200,544,True,True,3.14.7 Documentation,,True,
zenrows,Python documentation,https://docs.python.org/3/,200,200,591,True,True,3.14.7 Documentation,,True,
zenrows,Python documentation,https://docs.python.org/3/,200,200,487,True,True,3.14.7 Documentation,,True,
zenrows,Python documentation,https://docs.python.org/3/,200,200,442,True,True,3.14.7 Documentation,,True,
zenrows,Python documentation,https://docs.python.org/3/,200,200,453,True,True,3.14.7 Documentation,,True,
zenrows,Python documentation,https://docs.python.org/3/,200,200,542,True,True,3.14.7 Documentation,,True,
zenrows,Python documentation,https://docs.python.org/3/,200,200,426,True,True,3.14.7 Documentation,,True,
zenrows,Python documentation,https://docs.python.org/3/,200,200,486,True,True,3.14.7 Documentation,,True,
zenrows,Python documentation,https://docs.python.org/3/,200,200,509,True,True,3.14.7 Documentation,,True,
zenrows,Python documentation,https://docs.python.org/3/,200,200,417,True,True,3.14.7 Documentation,,True,
zenrows,Python documentation,https://docs.python.org/3/,200,200,459,True,True,3.14.7 Documentation,,True,
zenrows,Python documentation,https://docs.python.org/3/,200,200,1498,True,True,3.14.7 Documentation,,True,
zenrows,Python documentation,https://docs.python.org/3/,200,200,405,True,True,3.14.7 Documentation,,True,
zenrows,Python documentation,https://docs.python.org/3/,200,200,557,True,True,3.14.7 Documentation,,True,
zenrows,Python documentation,https://docs.python.org/3/,200,200,522,True,True,3.14.7 Documentation,,True,
zenrows,Python documentation,https://docs.python.org/3/,200,200,424,True,True,3.14.7 Documentation,,True,
zenrows,Python documentation,https://docs.python.org/3/,200,200,483,True,True,3.14.7 Documentation,,True,
zenrows,Python documentation,https://docs.python.org/3/,200,200,831,True,True,3.14.7 Documentation,,True,
zenrows,Python documentation,https://docs.python.org/3/,200,200,472,True,True,3.14.7 Documentation,,True,
zenrows,Python documentation,https://docs.python.org/3/,200,200,413,True,True,3.14.7 Documentation,,True,
zenrows,Python documentation,https://docs.python.org/3/,200,200,458,True,True,3.14.7 Documentation,,True,
zenrows,Python documentation,https://docs.python.org/3/,200,200,1559,True,True,3.14.7 Documentation,,True,
zenrows,Python documentation,https://docs.python.org/3/,200,200,538,True,True,3.14.7 Documentation,,True,
zenrows,Python documentation,https://docs.python.org/3/,200,200,496,True,True,3.14.7 Documentation,,True,
zenrows,Python documentation,https://docs.python.org/3/,200,200,460,True,True,3.14.7 Documentation,,True,
zenrows,Python documentation,https://docs.python.org/3/,200,200,563,True,True,3.14.7 Documentation,,True,
zenrows,Python documentation,https://docs.python.org/3/,200,200,439,True,True,3.14.7 Documentation,,True,
zenrows,Python documentation,https://docs.python.org/3/,200,200,400,True,True,3.14.7 Documentation,,True,
zenrows,Python documentation,https://docs.python.org/3/,200,200,817,True,True,3.14.7 Documentation,,True,
zenrows,Python documentation,https://docs.python.org/3/,200,200,447,True,True,3.14.7 Documentation,,True,
zenrows,Python documentation,https://docs.python.org/3/,200,200,500,True,True,3.14.7 Documentation,,True,
zenrows,Python documentation,https://docs.python.org/3/,200,200,524,True,True,3.14.7 Documentation,,True,
zenrows,Python documentation,https://docs.python.org/3/,200,200,446,True,True,3.14.7 Documentation,,True,
zenrows,Python documentation,https://docs.python.org/3/,200,200,508,True,True,3.14.7 Documentation,,True,
zenrows,Python documentation,https://docs.python.org/3/,200,200,464,True,True,3.14.7 Documentation,,True,
zenrows,Python documentation,https://docs.python.org/3/,200,200,448,True,True,3.14.7 Documentation,,True,
zenrows,Python documentation,https://docs.python.org/3/,200,200,513,True,True,3.14.7 Documentation,,True,
zenrows,Python documentation,https://docs.python.org/3/,200,200,519,True,True,3.14.7 Documentation,,True,
zenrows,Python documentation,https://docs.python.org/3/,200,200,679,True,True,3.14.7 Documentation,,True,
zenrows,Python documentation,https://docs.python.org/3/,200,200,739,True,True,3.14.7 Documentation,,True,
zenrows,Python documentation,https://docs.python.org/3/,200,200,530,True,True,3.14.7 Documentation,,True,
zenrows,Python documentation,https://docs.python.org/3/,200,200,521,True,True,3.14.7 Documentation,,True,
zenrows,Python documentation,https://docs.python.org/3/,200,200,520,True,True,3.14.7 Documentation,,True,
zenrows,Python documentation,https://docs.python.org/3/,200,200,450,True,True,3.14.7 Documentation,,True,
zenrows,Python documentation,https://docs.python.org/3/,200,200,445,True,True,3.14.7 Documentation,,True,
zenrows,Python documentation,https://docs.python.org/3/,200,200,383,True,True,3.14.7 Documentation,,True,
zenrows,Python documentation,https://docs.python.org/3/,200,200,438,True,True,3.14.7 Documentation,,True,
zenrows,Python documentation,https://docs.python.org/3/,200,200,369,True,True,3.14.7 Documentation,,True,
zenrows,Python documentation,https://docs.python.org/3/,200,200,568,True,True,3.14.7 Documentation,,True,
zenrows,Python documentation,https://docs.python.org/3/,200,200,469,True,True,3.14.7 Documentation,,True,
zenrows,Python documentation,https://docs.python.org/3/,200,200,484,True,True,3.14.7 Documentation,,True,
zenrows,Python documentation,https://docs.python.org/3/,200,200,426,True,True,3.14.7 Documentation,,True,
zenrows,Python documentation,https://docs.python.org/3/,200,200,1394,True,True,3.14.7 Documentation,,True,
zenrows,Python documentation,https://docs.python.org/3/,200,200,1048,True,True,3.14.7 Documentation,,True,
zenrows,Python documentation,https://docs.python.org/3/,200,200,503,True,True,3.14.7 Documentation,,True,
zenrows,Python documentation,https://docs.python.org/3/,200,200,383,True,True,3.14.7 Documentation,,True,
zenrows,Python documentation,https://docs.python.org/3/,200,200,489,True,True,3.14.7 Documentation,,True,
zenrows,Python documentation,https://docs.python.org/3/,200,200,518,True,True,3.14.7 Documentation,,True,
zenrows,Python documentation,https://docs.python.org/3/,200,200,993,True,True,3.14.7 Documentation,,True,
zenrows,Python documentation,https://docs.python.org/3/,200,200,438,True,True,3.14.7 Documentation,,True,
zenrows,Python documentation,https://docs.python.org/3/,200,200,637,True,True,3.14.7 Documentation,,True,
zenrows,Python documentation,https://docs.python.org/3/,200,200,460,True,True,3.14.7 Documentation,,True,
zenrows,Python documentation,https://docs.python.org/3/,200,200,390,True,True,3.14.7 Documentation,,True,
zenrows,Python documentation,https://docs.python.org/3/,200,200,444,True,True,3.14.7 Documentation,,True,
zenrows,Python documentation,https://docs.python.org/3/,200,200,1437,True,True,3.14.7 Documentation,,True,
zenrows,Python documentation,https://docs.python.org/3/,200,200,484,True,True,3.14.7 Documentation,,True,
zenrows,Python documentation,https://docs.python.org/3/,200,200,452,True,True,3.14.7 Documentation,,True,
zenrows,Python documentation,https://docs.python.org/3/,200,200,525,True,True,3.14.7 Documentation,,True,
zenrows,Python documentation,https://docs.python.org/3/,200,200,467,True,True,3.14.7 Documentation,,True,
zenrows,Python documentation,https://docs.python.org/3/,200,200,501,True,True,3.14.7 Documentation,,True,
zenrows,Python documentation,https://docs.python.org/3/,200,200,492,True,True,3.14.7 Documentation,,True,
zenrows,Python documentation,https://docs.python.org/3/,200,200,440,True,True,3.14.7 Documentation,,True,
zenrows,Python documentation,https://docs.python.org/3/,200,200,729,True,True,3.14.7 Documentation,,True,
zenrows,Python documentation,https://docs.python.org/3/,200,200,469,True,True,3.14.7 Documentation,,True,
zenrows,Python documentation,https://docs.python.org/3/,200,200,391,True,True,3.14.7 Documentation,,True,
zenrows,Python documentation,https://docs.python.org/3/,200,200,472,True,True,3.14.7 Documentation,,True,
zenrows,Python documentation,https://docs.python.org/3/,200,200,422,True,True,3.14.7 Documentation,,True,
zenrows,Python documentation,https://docs.python.org/3/,200,200,493,True,True,3.14.7 Documentation,,True,
zenrows,Python documentation,https://docs.python.org/3/,200,200,528,True,True,3.14.7 Documentation,,True,
zenrows,Python documentation,https://docs.python.org/3/,200,200,474,True,True,3.14.7 Documentation,,True,
zenrows,Python documentation,https://docs.python.org/3/,200,200,503,True,True,3.14.7 Documentation,,True,
zenrows,Python documentation,https://docs.python.org/3/,200,200,519,True,True,3.14.7 Documentation,,True,
zenrows,Python documentation,https://docs.python.org/3/,200,200,449,True,True,3.14.7 Documentation,,True,
zenrows,Python documentation,https://docs.python.org/3/,200,200,385,True,True,3.14.7 Documentation,,True,
zenrows,Python documentation,https://docs.python.org/3/,200,200,403,True,True,3.14.7 Documentation,,True,
zenrows,Python documentation,https://docs.python.org/3/,200,200,441,True,True,3.14.7 Documentation,,True,
zenrows,Python documentation,https://docs.python.org/3/,200,200,395,True,True,3.14.7 Documentation,,True,
zenrows,Python documentation,https://docs.python.org/3/,200,200,444,True,True,3.14.7 Documentation,,True,
zenrows,Python documentation,https://docs.python.org/3/,200,200,1296,True,True,3.14.7 Documentation,,True,
zenrows,Python documentation,https://docs.python.org/3/,200,200,1108,True,True,3.14.7 Documentation,,True,
zenrows,Python documentation,https://docs.python.org/3/,200,200,479,True,True,3.14.7 Documentation,,True,
zenrows,Python documentation,https://docs.python.org/3/,200,200,1371,True,True,3.14.7 Documentation,,True,
